USE [master]
GO
/****** Object:  Database [IslamicAcademy]    Script Date: 10/10/2018 06:45:34 م ******/
CREATE DATABASE [IslamicAcademy]
 CONTAINMENT = NONE
 ON  PRIMARY 
( NAME = N'IslamicAcademy', FILENAME = N'C:\Program Files\Microsoft SQL Server\MSSQL12.MSSQLSERVER\MSSQL\DATA\IslamicAcademy.mdf' , SIZE = 4288KB , MAXSIZE = UNLIMITED, FILEGROWTH = 1024KB )
 LOG ON 
( NAME = N'IslamicAcademy_log', FILENAME = N'C:\Program Files\Microsoft SQL Server\MSSQL12.MSSQLSERVER\MSSQL\DATA\IslamicAcademy_log.ldf' , SIZE = 1072KB , MAXSIZE = 2048GB , FILEGROWTH = 10%)
GO
ALTER DATABASE [IslamicAcademy] SET COMPATIBILITY_LEVEL = 120
GO
IF (1 = FULLTEXTSERVICEPROPERTY('IsFullTextInstalled'))
begin
EXEC [IslamicAcademy].[dbo].[sp_fulltext_database] @action = 'enable'
end
GO
ALTER DATABASE [IslamicAcademy] SET ANSI_NULL_DEFAULT OFF 
GO
ALTER DATABASE [IslamicAcademy] SET ANSI_NULLS OFF 
GO
ALTER DATABASE [IslamicAcademy] SET ANSI_PADDING OFF 
GO
ALTER DATABASE [IslamicAcademy] SET ANSI_WARNINGS OFF 
GO
ALTER DATABASE [IslamicAcademy] SET ARITHABORT OFF 
GO
ALTER DATABASE [IslamicAcademy] SET AUTO_CLOSE ON 
GO
ALTER DATABASE [IslamicAcademy] SET AUTO_SHRINK OFF 
GO
ALTER DATABASE [IslamicAcademy] SET AUTO_UPDATE_STATISTICS ON 
GO
ALTER DATABASE [IslamicAcademy] SET CURSOR_CLOSE_ON_COMMIT OFF 
GO
ALTER DATABASE [IslamicAcademy] SET CURSOR_DEFAULT  GLOBAL 
GO
ALTER DATABASE [IslamicAcademy] SET CONCAT_NULL_YIELDS_NULL OFF 
GO
ALTER DATABASE [IslamicAcademy] SET NUMERIC_ROUNDABORT OFF 
GO
ALTER DATABASE [IslamicAcademy] SET QUOTED_IDENTIFIER OFF 
GO
ALTER DATABASE [IslamicAcademy] SET RECURSIVE_TRIGGERS OFF 
GO
ALTER DATABASE [IslamicAcademy] SET  ENABLE_BROKER 
GO
ALTER DATABASE [IslamicAcademy] SET AUTO_UPDATE_STATISTICS_ASYNC OFF 
GO
ALTER DATABASE [IslamicAcademy] SET DATE_CORRELATION_OPTIMIZATION OFF 
GO
ALTER DATABASE [IslamicAcademy] SET TRUSTWORTHY OFF 
GO
ALTER DATABASE [IslamicAcademy] SET ALLOW_SNAPSHOT_ISOLATION OFF 
GO
ALTER DATABASE [IslamicAcademy] SET PARAMETERIZATION SIMPLE 
GO
ALTER DATABASE [IslamicAcademy] SET READ_COMMITTED_SNAPSHOT ON 
GO
ALTER DATABASE [IslamicAcademy] SET HONOR_BROKER_PRIORITY OFF 
GO
ALTER DATABASE [IslamicAcademy] SET RECOVERY SIMPLE 
GO
ALTER DATABASE [IslamicAcademy] SET  MULTI_USER 
GO
ALTER DATABASE [IslamicAcademy] SET PAGE_VERIFY CHECKSUM  
GO
ALTER DATABASE [IslamicAcademy] SET DB_CHAINING OFF 
GO
ALTER DATABASE [IslamicAcademy] SET FILESTREAM( NON_TRANSACTED_ACCESS = OFF ) 
GO
ALTER DATABASE [IslamicAcademy] SET TARGET_RECOVERY_TIME = 0 SECONDS 
GO
ALTER DATABASE [IslamicAcademy] SET DELAYED_DURABILITY = DISABLED 
GO
USE [IslamicAcademy]
GO
/****** Object:  Table [dbo].[__MigrationHistory]    Script Date: 10/10/2018 06:45:34 م ******/
SET ANSI_NULLS ON
GO
SET QUOTED_IDENTIFIER ON
GO
SET ANSI_PADDING ON
GO
CREATE TABLE [dbo].[__MigrationHistory](
	[MigrationId] [nvarchar](150) NOT NULL,
	[ContextKey] [nvarchar](300) NOT NULL,
	[Model] [varbinary](max) NOT NULL,
	[ProductVersion] [nvarchar](32) NOT NULL,
 CONSTRAINT [PK_dbo.__MigrationHistory] PRIMARY KEY CLUSTERED 
(
	[MigrationId] ASC,
	[ContextKey] ASC
)WITH (PAD_INDEX = OFF, STATISTICS_NORECOMPUTE = OFF, IGNORE_DUP_KEY = OFF, ALLOW_ROW_LOCKS = ON, ALLOW_PAGE_LOCKS = ON) ON [PRIMARY]
) ON [PRIMARY] TEXTIMAGE_ON [PRIMARY]

GO
SET ANSI_PADDING OFF
GO
/****** Object:  Table [dbo].[Acoustics]    Script Date: 10/10/2018 06:45:35 م ******/
SET ANSI_NULLS ON
GO
SET QUOTED_IDENTIFIER ON
GO
CREATE TABLE [dbo].[Acoustics](
	[Id] [int] IDENTITY(1,1) NOT NULL,
	[Tittel] [nvarchar](50) NULL,
	[MatrialId] [int] NULL,
	[ElmatoneId] [int] NULL,
	[FilePathe] [nvarchar](50) NULL,
 CONSTRAINT [PK_Acoustics] PRIMARY KEY CLUSTERED 
(
	[Id] ASC
)WITH (PAD_INDEX = OFF, STATISTICS_NORECOMPUTE = OFF, IGNORE_DUP_KEY = OFF, ALLOW_ROW_LOCKS = ON, ALLOW_PAGE_LOCKS = ON) ON [PRIMARY]
) ON [PRIMARY]

GO
/****** Object:  Table [dbo].[Advantages]    Script Date: 10/10/2018 06:45:35 م ******/
SET ANSI_NULLS ON
GO
SET QUOTED_IDENTIFIER ON
GO
CREATE TABLE [dbo].[Advantages](
	[Id] [int] IDENTITY(1,1) NOT NULL,
	[Details] [nvarchar](max) NULL,
	[BranchId] [int] NULL,
 CONSTRAINT [PK_Advantages] PRIMARY KEY CLUSTERED 
(
	[Id] ASC
)WITH (PAD_INDEX = OFF, STATISTICS_NORECOMPUTE = OFF, IGNORE_DUP_KEY = OFF, ALLOW_ROW_LOCKS = ON, ALLOW_PAGE_LOCKS = ON) ON [PRIMARY]
) ON [PRIMARY] TEXTIMAGE_ON [PRIMARY]

GO
/****** Object:  Table [dbo].[Advertisement]    Script Date: 10/10/2018 06:45:35 م ******/
SET ANSI_NULLS ON
GO
SET QUOTED_IDENTIFIER ON
GO
CREATE TABLE [dbo].[Advertisement](
	[Id] [int] IDENTITY(1,1) NOT NULL,
	[Tittel] [nvarchar](50) NULL,
	[Details] [nvarchar](max) NULL,
	[ImagePathe] [nvarchar](max) NULL,
	[DateTime] [datetime] NULL,
 CONSTRAINT [PK_Advertisement] PRIMARY KEY CLUSTERED 
(
	[Id] ASC
)WITH (PAD_INDEX = OFF, STATISTICS_NORECOMPUTE = OFF, IGNORE_DUP_KEY = OFF, ALLOW_ROW_LOCKS = ON, ALLOW_PAGE_LOCKS = ON) ON [PRIMARY]
) ON [PRIMARY] TEXTIMAGE_ON [PRIMARY]

GO
/****** Object:  Table [dbo].[AspNetRoles]    Script Date: 10/10/2018 06:45:35 م ******/
SET ANSI_NULLS ON
GO
SET QUOTED_IDENTIFIER ON
GO
CREATE TABLE [dbo].[AspNetRoles](
	[Id] [nvarchar](128) NOT NULL,
	[Name] [nvarchar](256) NOT NULL,
 CONSTRAINT [PK_dbo.AspNetRoles] PRIMARY KEY CLUSTERED 
(
	[Id] ASC
)WITH (PAD_INDEX = OFF, STATISTICS_NORECOMPUTE = OFF, IGNORE_DUP_KEY = OFF, ALLOW_ROW_LOCKS = ON, ALLOW_PAGE_LOCKS = ON) ON [PRIMARY]
) ON [PRIMARY]

GO
/****** Object:  Table [dbo].[AspNetUserClaims]    Script Date: 10/10/2018 06:45:35 م ******/
SET ANSI_NULLS ON
GO
SET QUOTED_IDENTIFIER ON
GO
CREATE TABLE [dbo].[AspNetUserClaims](
	[Id] [int] IDENTITY(1,1) NOT NULL,
	[UserId] [nvarchar](128) NOT NULL,
	[ClaimType] [nvarchar](max) NULL,
	[ClaimValue] [nvarchar](max) NULL,
 CONSTRAINT [PK_dbo.AspNetUserClaims] PRIMARY KEY CLUSTERED 
(
	[Id] ASC
)WITH (PAD_INDEX = OFF, STATISTICS_NORECOMPUTE = OFF, IGNORE_DUP_KEY = OFF, ALLOW_ROW_LOCKS = ON, ALLOW_PAGE_LOCKS = ON) ON [PRIMARY]
) ON [PRIMARY] TEXTIMAGE_ON [PRIMARY]

GO
/****** Object:  Table [dbo].[AspNetUserLogins]    Script Date: 10/10/2018 06:45:35 م ******/
SET ANSI_NULLS ON
GO
SET QUOTED_IDENTIFIER ON
GO
CREATE TABLE [dbo].[AspNetUserLogins](
	[LoginProvider] [nvarchar](128) NOT NULL,
	[ProviderKey] [nvarchar](128) NOT NULL,
	[UserId] [nvarchar](128) NOT NULL,
 CONSTRAINT [PK_dbo.AspNetUserLogins] PRIMARY KEY CLUSTERED 
(
	[LoginProvider] ASC,
	[ProviderKey] ASC,
	[UserId] ASC
)WITH (PAD_INDEX = OFF, STATISTICS_NORECOMPUTE = OFF, IGNORE_DUP_KEY = OFF, ALLOW_ROW_LOCKS = ON, ALLOW_PAGE_LOCKS = ON) ON [PRIMARY]
) ON [PRIMARY]

GO
/****** Object:  Table [dbo].[AspNetUserRoles]    Script Date: 10/10/2018 06:45:35 م ******/
SET ANSI_NULLS ON
GO
SET QUOTED_IDENTIFIER ON
GO
CREATE TABLE [dbo].[AspNetUserRoles](
	[UserId] [nvarchar](128) NOT NULL,
	[RoleId] [nvarchar](128) NOT NULL,
 CONSTRAINT [PK_dbo.AspNetUserRoles] PRIMARY KEY CLUSTERED 
(
	[UserId] ASC,
	[RoleId] ASC
)WITH (PAD_INDEX = OFF, STATISTICS_NORECOMPUTE = OFF, IGNORE_DUP_KEY = OFF, ALLOW_ROW_LOCKS = ON, ALLOW_PAGE_LOCKS = ON) ON [PRIMARY]
) ON [PRIMARY]

GO
/****** Object:  Table [dbo].[AspNetUsers]    Script Date: 10/10/2018 06:45:35 م ******/
SET ANSI_NULLS ON
GO
SET QUOTED_IDENTIFIER ON
GO
CREATE TABLE [dbo].[AspNetUsers](
	[Id] [nvarchar](128) NOT NULL,
	[Email] [nvarchar](256) NULL,
	[EmailConfirmed] [bit] NOT NULL,
	[PasswordHash] [nvarchar](max) NULL,
	[SecurityStamp] [nvarchar](max) NULL,
	[PhoneNumber] [nvarchar](max) NULL,
	[PhoneNumberConfirmed] [bit] NOT NULL,
	[TwoFactorEnabled] [bit] NOT NULL,
	[LockoutEndDateUtc] [datetime] NULL,
	[LockoutEnabled] [bit] NOT NULL,
	[AccessFailedCount] [int] NOT NULL,
	[UserName] [nvarchar](256) NOT NULL,
	[FullName] [nvarchar](max) NULL,
 CONSTRAINT [PK_dbo.AspNetUsers] PRIMARY KEY CLUSTERED 
(
	[Id] ASC
)WITH (PAD_INDEX = OFF, STATISTICS_NORECOMPUTE = OFF, IGNORE_DUP_KEY = OFF, ALLOW_ROW_LOCKS = ON, ALLOW_PAGE_LOCKS = ON) ON [PRIMARY]
) ON [PRIMARY] TEXTIMAGE_ON [PRIMARY]

GO
/****** Object:  Table [dbo].[AssignmentsDate]    Script Date: 10/10/2018 06:45:35 م ******/
SET ANSI_NULLS ON
GO
SET QUOTED_IDENTIFIER ON
GO
CREATE TABLE [dbo].[AssignmentsDate](
	[Id] [int] IDENTITY(1,1) NOT NULL,
	[Tittel] [nvarchar](50) NULL,
	[Details] [nvarchar](max) NULL,
	[BranchId] [int] NULL,
 CONSTRAINT [PK_AssignmentsDate] PRIMARY KEY CLUSTERED 
(
	[Id] ASC
)WITH (PAD_INDEX = OFF, STATISTICS_NORECOMPUTE = OFF, IGNORE_DUP_KEY = OFF, ALLOW_ROW_LOCKS = ON, ALLOW_PAGE_LOCKS = ON) ON [PRIMARY]
) ON [PRIMARY] TEXTIMAGE_ON [PRIMARY]

GO
/****** Object:  Table [dbo].[Branches]    Script Date: 10/10/2018 06:45:35 م ******/
SET ANSI_NULLS ON
GO
SET QUOTED_IDENTIFIER ON
GO
CREATE TABLE [dbo].[Branches](
	[Id] [int] IDENTITY(1,1) NOT NULL,
	[Name] [nvarchar](50) NULL,
 CONSTRAINT [PK_Branches] PRIMARY KEY CLUSTERED 
(
	[Id] ASC
)WITH (PAD_INDEX = OFF, STATISTICS_NORECOMPUTE = OFF, IGNORE_DUP_KEY = OFF, ALLOW_ROW_LOCKS = ON, ALLOW_PAGE_LOCKS = ON) ON [PRIMARY]
) ON [PRIMARY]

GO
/****** Object:  Table [dbo].[Colleges]    Script Date: 10/10/2018 06:45:35 م ******/
SET ANSI_NULLS ON
GO
SET QUOTED_IDENTIFIER ON
GO
CREATE TABLE [dbo].[Colleges](
	[Id] [int] IDENTITY(1,1) NOT NULL,
	[Name] [nvarchar](50) NULL,
	[BranchId] [int] NULL,
 CONSTRAINT [PK_Colleges] PRIMARY KEY CLUSTERED 
(
	[Id] ASC
)WITH (PAD_INDEX = OFF, STATISTICS_NORECOMPUTE = OFF, IGNORE_DUP_KEY = OFF, ALLOW_ROW_LOCKS = ON, ALLOW_PAGE_LOCKS = ON) ON [PRIMARY]
) ON [PRIMARY]

GO
/****** Object:  Table [dbo].[ContactUs]    Script Date: 10/10/2018 06:45:35 م ******/
SET ANSI_NULLS ON
GO
SET QUOTED_IDENTIFIER ON
GO
CREATE TABLE [dbo].[ContactUs](
	[Id] [int] IDENTITY(1,1) NOT NULL,
	[Name] [nvarchar](50) NULL,
	[Email] [nvarchar](50) NULL,
	[Subject] [nvarchar](50) NULL,
	[Phone] [nvarchar](50) NULL,
	[Message] [nvarchar](max) NULL,
 CONSTRAINT [PK_ContactUs] PRIMARY KEY CLUSTERED 
(
	[Id] ASC
)WITH (PAD_INDEX = OFF, STATISTICS_NORECOMPUTE = OFF, IGNORE_DUP_KEY = OFF, ALLOW_ROW_LOCKS = ON, ALLOW_PAGE_LOCKS = ON) ON [PRIMARY]
) ON [PRIMARY] TEXTIMAGE_ON [PRIMARY]

GO
/****** Object:  Table [dbo].[CourcesStudent]    Script Date: 10/10/2018 06:45:35 م ******/
SET ANSI_NULLS ON
GO
SET QUOTED_IDENTIFIER ON
GO
CREATE TABLE [dbo].[CourcesStudent](
	[Id] [int] IDENTITY(1,1) NOT NULL,
	[StudentId] [int] NULL,
	[ElmatoneId] [int] NULL,
 CONSTRAINT [PK_CourcesStudent] PRIMARY KEY CLUSTERED 
(
	[Id] ASC
)WITH (PAD_INDEX = OFF, STATISTICS_NORECOMPUTE = OFF, IGNORE_DUP_KEY = OFF, ALLOW_ROW_LOCKS = ON, ALLOW_PAGE_LOCKS = ON) ON [PRIMARY]
) ON [PRIMARY]

GO
/****** Object:  Table [dbo].[Courses]    Script Date: 10/10/2018 06:45:35 م ******/
SET ANSI_NULLS ON
GO
SET QUOTED_IDENTIFIER ON
GO
CREATE TABLE [dbo].[Courses](
	[Id] [int] IDENTITY(1,1) NOT NULL,
	[BranchId] [int] NULL,
	[ColleageId] [int] NULL,
	[MatarialeId] [int] NULL,
	[ElmatoneId] [int] NULL,
	[Level] [nvarchar](50) NULL,
	[Masare] [nvarchar](50) NULL,
	[TrackId] [int] NULL,
	[Weak] [nvarchar](50) NULL,
	[Year] [nvarchar](50) NULL,
 CONSTRAINT [PK_Courses] PRIMARY KEY CLUSTERED 
(
	[Id] ASC
)WITH (PAD_INDEX = OFF, STATISTICS_NORECOMPUTE = OFF, IGNORE_DUP_KEY = OFF, ALLOW_ROW_LOCKS = ON, ALLOW_PAGE_LOCKS = ON) ON [PRIMARY]
) ON [PRIMARY]

GO
/****** Object:  Table [dbo].[EducationBody]    Script Date: 10/10/2018 06:45:35 م ******/
SET ANSI_NULLS ON
GO
SET QUOTED_IDENTIFIER ON
GO
CREATE TABLE [dbo].[EducationBody](
	[Id] [int] IDENTITY(1,1) NOT NULL,
	[Name] [nvarchar](50) NULL,
	[BranchId] [int] NULL,
 CONSTRAINT [PK_EducationBody] PRIMARY KEY CLUSTERED 
(
	[Id] ASC
)WITH (PAD_INDEX = OFF, STATISTICS_NORECOMPUTE = OFF, IGNORE_DUP_KEY = OFF, ALLOW_ROW_LOCKS = ON, ALLOW_PAGE_LOCKS = ON) ON [PRIMARY]
) ON [PRIMARY]

GO
/****** Object:  Table [dbo].[Elmatone]    Script Date: 10/10/2018 06:45:35 م ******/
SET ANSI_NULLS ON
GO
SET QUOTED_IDENTIFIER ON
GO
CREATE TABLE [dbo].[Elmatone](
	[Id] [int] IDENTITY(1,1) NOT NULL,
	[Name] [nvarchar](50) NULL,
	[MatrialeId] [int] NULL,
 CONSTRAINT [PK_Elmatone] PRIMARY KEY CLUSTERED 
(
	[Id] ASC
)WITH (PAD_INDEX = OFF, STATISTICS_NORECOMPUTE = OFF, IGNORE_DUP_KEY = OFF, ALLOW_ROW_LOCKS = ON, ALLOW_PAGE_LOCKS = ON) ON [PRIMARY]
) ON [PRIMARY]

GO
/****** Object:  Table [dbo].[EvaluationCriteria]    Script Date: 10/10/2018 06:45:35 م ******/
SET ANSI_NULLS ON
GO
SET QUOTED_IDENTIFIER ON
GO
CREATE TABLE [dbo].[EvaluationCriteria](
	[Id] [int] IDENTITY(1,1) NOT NULL,
	[Name] [nvarchar](50) NULL,
	[Details] [nvarchar](50) NULL,
	[BranchId] [int] NULL,
 CONSTRAINT [PK_EvaluationCriteria] PRIMARY KEY CLUSTERED 
(
	[Id] ASC
)WITH (PAD_INDEX = OFF, STATISTICS_NORECOMPUTE = OFF, IGNORE_DUP_KEY = OFF, ALLOW_ROW_LOCKS = ON, ALLOW_PAGE_LOCKS = ON) ON [PRIMARY]
) ON [PRIMARY]

GO
/****** Object:  Table [dbo].[EvulationStudent]    Script Date: 10/10/2018 06:45:35 م ******/
SET ANSI_NULLS ON
GO
SET QUOTED_IDENTIFIER ON
GO
CREATE TABLE [dbo].[EvulationStudent](
	[Id] [int] IDENTITY(1,1) NOT NULL,
	[ElmatoneId] [int] NULL,
	[CoursesId] [int] NULL,
	[StudentId] [int] NULL,
	[Degree] [money] NULL,
	[Nots] [nvarchar](50) NULL,
	[Weaky] [nvarchar](50) NULL,
	[Day] [nvarchar](50) NULL,
	[Oral] [nvarchar](50) NULL,
 CONSTRAINT [PK_EvulationStudent] PRIMARY KEY CLUSTERED 
(
	[Id] ASC
)WITH (PAD_INDEX = OFF, STATISTICS_NORECOMPUTE = OFF, IGNORE_DUP_KEY = OFF, ALLOW_ROW_LOCKS = ON, ALLOW_PAGE_LOCKS = ON) ON [PRIMARY]
) ON [PRIMARY]

GO
/****** Object:  Table [dbo].[FirestBranchRegister]    Script Date: 10/10/2018 06:45:35 م ******/
SET ANSI_NULLS ON
GO
SET QUOTED_IDENTIFIER ON
GO
CREATE TABLE [dbo].[FirestBranchRegister](
	[Id] [int] IDENTITY(1,1) NOT NULL,
	[ColleageId] [int] NULL,
	[Name] [nvarchar](50) NULL,
	[NationalityId] [int] NULL,
	[Code] [nvarchar](50) NULL,
	[Phonenumber] [nvarchar](50) NULL,
	[WhatsNumber] [nvarchar](50) NULL,
	[TelgramNumber] [nvarchar](50) NULL,
	[Email] [nvarchar](50) NULL,
	[StageId] [int] NULL,
	[Level] [nvarchar](50) NULL,
	[Case] [nvarchar](50) NULL,
	[IsAbroved] [bit] NULL,
	[JoinedUniversity] [nvarchar](50) NULL,
	[EducationBodyId] [int] NULL,
	[EvaulationDayes] [nvarchar](50) NULL,
	[TrackId] [int] NULL,
	[UserId] [nvarchar](128) NULL,
 CONSTRAINT [PK_FirestBranchRegister] PRIMARY KEY CLUSTERED 
(
	[Id] ASC
)WITH (PAD_INDEX = OFF, STATISTICS_NORECOMPUTE = OFF, IGNORE_DUP_KEY = OFF, ALLOW_ROW_LOCKS = ON, ALLOW_PAGE_LOCKS = ON) ON [PRIMARY]
) ON [PRIMARY]

GO
/****** Object:  Table [dbo].[IntroducingPrize]    Script Date: 10/10/2018 06:45:35 م ******/
SET ANSI_NULLS ON
GO
SET QUOTED_IDENTIFIER ON
GO
CREATE TABLE [dbo].[IntroducingPrize](
	[Id] [int] IDENTITY(1,1) NOT NULL,
	[Details] [nvarchar](max) NULL,
 CONSTRAINT [PK_IntroducingPrize] PRIMARY KEY CLUSTERED 
(
	[Id] ASC
)WITH (PAD_INDEX = OFF, STATISTICS_NORECOMPUTE = OFF, IGNORE_DUP_KEY = OFF, ALLOW_ROW_LOCKS = ON, ALLOW_PAGE_LOCKS = ON) ON [PRIMARY]
) ON [PRIMARY] TEXTIMAGE_ON [PRIMARY]

GO
/****** Object:  Table [dbo].[Library]    Script Date: 10/10/2018 06:45:35 م ******/
SET ANSI_NULLS ON
GO
SET QUOTED_IDENTIFIER ON
GO
CREATE TABLE [dbo].[Library](
	[Id] [int] IDENTITY(1,1) NOT NULL,
	[Tittel] [nvarchar](50) NULL,
	[Details] [nvarchar](max) NULL,
	[ImagePathe] [nvarchar](max) NULL,
	[Datetime] [datetime] NULL,
 CONSTRAINT [PK_Library] PRIMARY KEY CLUSTERED 
(
	[Id] ASC
)WITH (PAD_INDEX = OFF, STATISTICS_NORECOMPUTE = OFF, IGNORE_DUP_KEY = OFF, ALLOW_ROW_LOCKS = ON, ALLOW_PAGE_LOCKS = ON) ON [PRIMARY]
) ON [PRIMARY] TEXTIMAGE_ON [PRIMARY]

GO
/****** Object:  Table [dbo].[LibraryRead]    Script Date: 10/10/2018 06:45:35 م ******/
SET ANSI_NULLS ON
GO
SET QUOTED_IDENTIFIER ON
GO
CREATE TABLE [dbo].[LibraryRead](
	[Id] [int] IDENTITY(1,1) NOT NULL,
	[Tittel] [nvarchar](50) NULL,
	[FilePathe] [nvarchar](max) NULL,
	[MatrialId] [int] NULL,
	[ElmatoneId] [int] NULL,
 CONSTRAINT [PK_LibraryRead] PRIMARY KEY CLUSTERED 
(
	[Id] ASC
)WITH (PAD_INDEX = OFF, STATISTICS_NORECOMPUTE = OFF, IGNORE_DUP_KEY = OFF, ALLOW_ROW_LOCKS = ON, ALLOW_PAGE_LOCKS = ON) ON [PRIMARY]
) ON [PRIMARY] TEXTIMAGE_ON [PRIMARY]

GO
/****** Object:  Table [dbo].[Matiriale]    Script Date: 10/10/2018 06:45:35 م ******/
SET ANSI_NULLS ON
GO
SET QUOTED_IDENTIFIER ON
GO
CREATE TABLE [dbo].[Matiriale](
	[Id] [int] IDENTITY(1,1) NOT NULL,
	[Name] [nvarchar](50) NULL,
 CONSTRAINT [PK_Matiriale] PRIMARY KEY CLUSTERED 
(
	[Id] ASC
)WITH (PAD_INDEX = OFF, STATISTICS_NORECOMPUTE = OFF, IGNORE_DUP_KEY = OFF, ALLOW_ROW_LOCKS = ON, ALLOW_PAGE_LOCKS = ON) ON [PRIMARY]
) ON [PRIMARY]

GO
/****** Object:  Table [dbo].[Nationality]    Script Date: 10/10/2018 06:45:35 م ******/
SET ANSI_NULLS ON
GO
SET QUOTED_IDENTIFIER ON
GO
CREATE TABLE [dbo].[Nationality](
	[Id] [int] IDENTITY(1,1) NOT NULL,
	[Name] [nvarchar](50) NULL,
 CONSTRAINT [PK_Nationality] PRIMARY KEY CLUSTERED 
(
	[Id] ASC
)WITH (PAD_INDEX = OFF, STATISTICS_NORECOMPUTE = OFF, IGNORE_DUP_KEY = OFF, ALLOW_ROW_LOCKS = ON, ALLOW_PAGE_LOCKS = ON) ON [PRIMARY]
) ON [PRIMARY]

GO
/****** Object:  Table [dbo].[News]    Script Date: 10/10/2018 06:45:35 م ******/
SET ANSI_NULLS ON
GO
SET QUOTED_IDENTIFIER ON
GO
CREATE TABLE [dbo].[News](
	[Id] [int] IDENTITY(1,1) NOT NULL,
	[Tittel] [nvarchar](50) NULL,
	[Details] [nvarchar](max) NULL,
	[Datetime] [datetime] NULL,
	[ImagePathe] [nvarchar](max) NULL,
 CONSTRAINT [PK_News] PRIMARY KEY CLUSTERED 
(
	[Id] ASC
)WITH (PAD_INDEX = OFF, STATISTICS_NORECOMPUTE = OFF, IGNORE_DUP_KEY = OFF, ALLOW_ROW_LOCKS = ON, ALLOW_PAGE_LOCKS = ON) ON [PRIMARY]
) ON [PRIMARY] TEXTIMAGE_ON [PRIMARY]

GO
/****** Object:  Table [dbo].[PhotoGallery]    Script Date: 10/10/2018 06:45:35 م ******/
SET ANSI_NULLS ON
GO
SET QUOTED_IDENTIFIER ON
GO
CREATE TABLE [dbo].[PhotoGallery](
	[Id] [int] IDENTITY(1,1) NOT NULL,
	[Tittel] [nvarchar](50) NULL,
	[Details] [nvarchar](max) NULL,
	[ImagePathe] [nvarchar](max) NULL,
	[Datetime] [datetime] NULL,
 CONSTRAINT [PK_PhotoGallery] PRIMARY KEY CLUSTERED 
(
	[Id] ASC
)WITH (PAD_INDEX = OFF, STATISTICS_NORECOMPUTE = OFF, IGNORE_DUP_KEY = OFF, ALLOW_ROW_LOCKS = ON, ALLOW_PAGE_LOCKS = ON) ON [PRIMARY]
) ON [PRIMARY] TEXTIMAGE_ON [PRIMARY]

GO
/****** Object:  Table [dbo].[PrepareStudents]    Script Date: 10/10/2018 06:45:35 م ******/
SET ANSI_NULLS ON
GO
SET QUOTED_IDENTIFIER ON
GO
CREATE TABLE [dbo].[PrepareStudents](
	[Id] [int] IDENTITY(1,1) NOT NULL,
	[Weak] [nvarchar](50) NULL,
	[Day] [nvarchar](50) NULL,
	[Degree] [money] NULL,
	[IsAttandce] [bit] NULL,
	[StudentId] [int] NULL,
 CONSTRAINT [PK_PrepareStudents] PRIMARY KEY CLUSTERED 
(
	[Id] ASC
)WITH (PAD_INDEX = OFF, STATISTICS_NORECOMPUTE = OFF, IGNORE_DUP_KEY = OFF, ALLOW_ROW_LOCKS = ON, ALLOW_PAGE_LOCKS = ON) ON [PRIMARY]
) ON [PRIMARY]

GO
/****** Object:  Table [dbo].[Representations]    Script Date: 10/10/2018 06:45:35 م ******/
SET ANSI_NULLS ON
GO
SET QUOTED_IDENTIFIER ON
GO
CREATE TABLE [dbo].[Representations](
	[Id] [int] IDENTITY(1,1) NOT NULL,
	[Details] [nvarchar](max) NULL,
 CONSTRAINT [PK_Representations] PRIMARY KEY CLUSTERED 
(
	[Id] ASC
)WITH (PAD_INDEX = OFF, STATISTICS_NORECOMPUTE = OFF, IGNORE_DUP_KEY = OFF, ALLOW_ROW_LOCKS = ON, ALLOW_PAGE_LOCKS = ON) ON [PRIMARY]
) ON [PRIMARY] TEXTIMAGE_ON [PRIMARY]

GO
/****** Object:  Table [dbo].[Satage]    Script Date: 10/10/2018 06:45:35 م ******/
SET ANSI_NULLS ON
GO
SET QUOTED_IDENTIFIER ON
GO
CREATE TABLE [dbo].[Satage](
	[Id] [int] IDENTITY(1,1) NOT NULL,
	[Name] [nvarchar](50) NULL,
 CONSTRAINT [PK_Satage] PRIMARY KEY CLUSTERED 
(
	[Id] ASC
)WITH (PAD_INDEX = OFF, STATISTICS_NORECOMPUTE = OFF, IGNORE_DUP_KEY = OFF, ALLOW_ROW_LOCKS = ON, ALLOW_PAGE_LOCKS = ON) ON [PRIMARY]
) ON [PRIMARY]

GO
/****** Object:  Table [dbo].[SecondBranchRegister]    Script Date: 10/10/2018 06:45:35 م ******/
SET ANSI_NULLS ON
GO
SET QUOTED_IDENTIFIER ON
GO
CREATE TABLE [dbo].[SecondBranchRegister](
	[Id] [int] IDENTITY(1,1) NOT NULL,
	[Name] [nvarchar](50) NULL,
	[NationalityId] [int] NULL,
	[PhoneNumber] [nvarchar](50) NULL,
	[TelegramNumber] [nvarchar](50) NULL,
	[WhatsNumber] [nvarchar](50) NULL,
	[Email] [nvarchar](50) NULL,
	[AcadmayDetails] [nvarchar](50) NULL,
	[Case] [nvarchar](50) NULL,
	[EducationBodyId] [int] NULL,
	[StageId] [int] NULL,
	[STageEducationhigher] [nvarchar](50) NULL,
	[Year] [nvarchar](50) NULL,
	[Bachelorsdegree] [nvarchar](50) NULL,
	[Level] [nvarchar](50) NULL,
	[Elmatone] [nvarchar](50) NULL,
	[IsAbroved] [bit] NULL,
	[JoinedUniversity] [nvarchar](50) NULL,
 CONSTRAINT [PK_SecondBranchRegister] PRIMARY KEY CLUSTERED 
(
	[Id] ASC
)WITH (PAD_INDEX = OFF, STATISTICS_NORECOMPUTE = OFF, IGNORE_DUP_KEY = OFF, ALLOW_ROW_LOCKS = ON, ALLOW_PAGE_LOCKS = ON) ON [PRIMARY]
) ON [PRIMARY]

GO
/****** Object:  Table [dbo].[StudentGrades]    Script Date: 10/10/2018 06:45:35 م ******/
SET ANSI_NULLS ON
GO
SET QUOTED_IDENTIFIER ON
GO
CREATE TABLE [dbo].[StudentGrades](
	[Id] [int] IDENTITY(1,1) NOT NULL,
	[StudentId] [int] NULL,
	[EmatoneId] [int] NULL,
	[Value] [nchar](10) NULL,
	[Datetime] [datetime] NULL,
 CONSTRAINT [PK_StudentGrades] PRIMARY KEY CLUSTERED 
(
	[Id] ASC
)WITH (PAD_INDEX = OFF, STATISTICS_NORECOMPUTE = OFF, IGNORE_DUP_KEY = OFF, ALLOW_ROW_LOCKS = ON, ALLOW_PAGE_LOCKS = ON) ON [PRIMARY]
) ON [PRIMARY]

GO
/****** Object:  Table [dbo].[StudentInstructions]    Script Date: 10/10/2018 06:45:35 م ******/
SET ANSI_NULLS ON
GO
SET QUOTED_IDENTIFIER ON
GO
CREATE TABLE [dbo].[StudentInstructions](
	[Id] [int] IDENTITY(1,1) NOT NULL,
	[Datetime] [datetime] NULL,
	[Tittel] [nvarchar](50) NULL,
	[Details] [nvarchar](max) NULL,
 CONSTRAINT [PK_StudentInstructions] PRIMARY KEY CLUSTERED 
(
	[Id] ASC
)WITH (PAD_INDEX = OFF, STATISTICS_NORECOMPUTE = OFF, IGNORE_DUP_KEY = OFF, ALLOW_ROW_LOCKS = ON, ALLOW_PAGE_LOCKS = ON) ON [PRIMARY]
) ON [PRIMARY] TEXTIMAGE_ON [PRIMARY]

GO
/****** Object:  Table [dbo].[SysteamPrize]    Script Date: 10/10/2018 06:45:35 م ******/
SET ANSI_NULLS ON
GO
SET QUOTED_IDENTIFIER ON
GO
CREATE TABLE [dbo].[SysteamPrize](
	[Id] [int] IDENTITY(1,1) NOT NULL,
	[Details] [nvarchar](max) NULL,
 CONSTRAINT [PK_SysteamPrize] PRIMARY KEY CLUSTERED 
(
	[Id] ASC
)WITH (PAD_INDEX = OFF, STATISTICS_NORECOMPUTE = OFF, IGNORE_DUP_KEY = OFF, ALLOW_ROW_LOCKS = ON, ALLOW_PAGE_LOCKS = ON) ON [PRIMARY]
) ON [PRIMARY] TEXTIMAGE_ON [PRIMARY]

GO
/****** Object:  Table [dbo].[TeacherInstructions]    Script Date: 10/10/2018 06:45:35 م ******/
SET ANSI_NULLS ON
GO
SET QUOTED_IDENTIFIER ON
GO
CREATE TABLE [dbo].[TeacherInstructions](
	[Id] [int] IDENTITY(1,1) NOT NULL,
	[Datetime] [datetime] NULL,
	[Tittel] [nvarchar](50) NULL,
	[Details] [nvarchar](max) NULL,
 CONSTRAINT [PK_TeacherInstructions] PRIMARY KEY CLUSTERED 
(
	[Id] ASC
)WITH (PAD_INDEX = OFF, STATISTICS_NORECOMPUTE = OFF, IGNORE_DUP_KEY = OFF, ALLOW_ROW_LOCKS = ON, ALLOW_PAGE_LOCKS = ON) ON [PRIMARY]
) ON [PRIMARY] TEXTIMAGE_ON [PRIMARY]

GO
/****** Object:  Table [dbo].[ThirdBranchRegister]    Script Date: 10/10/2018 06:45:35 م ******/
SET ANSI_NULLS ON
GO
SET QUOTED_IDENTIFIER ON
GO
CREATE TABLE [dbo].[ThirdBranchRegister](
	[Id] [int] IDENTITY(1,1) NOT NULL,
	[Tracks] [nvarchar](50) NULL,
	[Name] [nvarchar](50) NULL,
	[NationalityId] [int] NULL,
	[Code] [nvarchar](50) NULL,
	[PhoneNumber] [nvarchar](50) NULL,
	[WhatsNumber] [nvarchar](50) NULL,
	[TelgrameNumber] [nvarchar](50) NULL,
	[Email] [nvarchar](50) NULL,
	[EducationBodyId] [int] NULL,
	[StageId] [int] NULL,
	[Level] [nvarchar](50) NULL,
	[Case] [nvarchar](50) NULL,
	[IsAbroved] [bit] NULL,
 CONSTRAINT [PK_ThirdBranchRegister] PRIMARY KEY CLUSTERED 
(
	[Id] ASC
)WITH (PAD_INDEX = OFF, STATISTICS_NORECOMPUTE = OFF, IGNORE_DUP_KEY = OFF, ALLOW_ROW_LOCKS = ON, ALLOW_PAGE_LOCKS = ON) ON [PRIMARY]
) ON [PRIMARY]

GO
/****** Object:  Table [dbo].[Tracks]    Script Date: 10/10/2018 06:45:35 م ******/
SET ANSI_NULLS ON
GO
SET QUOTED_IDENTIFIER ON
GO
CREATE TABLE [dbo].[Tracks](
	[Id] [int] IDENTITY(1,1) NOT NULL,
	[Name] [nvarchar](50) NULL,
 CONSTRAINT [PK_Tracks] PRIMARY KEY CLUSTERED 
(
	[Id] ASC
)WITH (PAD_INDEX = OFF, STATISTICS_NORECOMPUTE = OFF, IGNORE_DUP_KEY = OFF, ALLOW_ROW_LOCKS = ON, ALLOW_PAGE_LOCKS = ON) ON [PRIMARY]
) ON [PRIMARY]

GO
/****** Object:  Table [dbo].[Visualiztions]    Script Date: 10/10/2018 06:45:35 م ******/
SET ANSI_NULLS ON
GO
SET QUOTED_IDENTIFIER ON
GO
CREATE TABLE [dbo].[Visualiztions](
	[Id] [int] IDENTITY(1,1) NOT NULL,
	[Tittel] [nvarchar](50) NULL,
	[Link] [nvarchar](50) NULL,
	[MatrialId] [int] NULL,
	[ElmatoneId] [int] NULL,
 CONSTRAINT [PK_Visualiztions] PRIMARY KEY CLUSTERED 
(
	[Id] ASC
)WITH (PAD_INDEX = OFF, STATISTICS_NORECOMPUTE = OFF, IGNORE_DUP_KEY = OFF, ALLOW_ROW_LOCKS = ON, ALLOW_PAGE_LOCKS = ON) ON [PRIMARY]
) ON [PRIMARY]

GO
/****** Object:  Table [dbo].[Words]    Script Date: 10/10/2018 06:45:35 م ******/
SET ANSI_NULLS ON
GO
SET QUOTED_IDENTIFIER ON
GO
CREATE TABLE [dbo].[Words](
	[Id] [int] IDENTITY(1,1) NOT NULL,
	[Details] [nvarchar](max) NULL,
	[IsSupervisor] [bit] NULL,
	[ImagePathe] [nvarchar](max) NULL,
 CONSTRAINT [PK_Words] PRIMARY KEY CLUSTERED 
(
	[Id] ASC
)WITH (PAD_INDEX = OFF, STATISTICS_NORECOMPUTE = OFF, IGNORE_DUP_KEY = OFF, ALLOW_ROW_LOCKS = ON, ALLOW_PAGE_LOCKS = ON) ON [PRIMARY]
) ON [PRIMARY] TEXTIMAGE_ON [PRIMARY]

GO
INSERT [dbo].[__MigrationHistory] ([MigrationId], [ContextKey], [Model], [ProductVersion]) VALUES (N'201809290842071_InitialCreate', N'IslamicAcademy.Models.ApplicationDbContext', 0x1F8B0800000000000400DD5CDB6EE436127D5F60FF41D05376E1B47CD919CC1AED044EDBCE1A3BBE60DA13E46DC096D86D61244A9128C7C6225F96877C527E618B1275E14D976EB9BB1D0408A645F254B17848168B45FFF9FB1FD3EF9FC3C07AC249EA47E4CC3E9A1CDA16266EE4F96475666774F9ED07FBFBEFFEFEB7E9A5173E5B3F95F54E583D6849D233FB91D2F8D47152F71187289D84BE9B4469B4A413370A1DE445CEF1E1E1BF9DA3230703840D589635FD9411EA8738FF013F671171714C3314DC441E0E52FE1D4AE639AA758B429CC6C8C567F6751A209071EE220F872F93A2816D9D073E0265E63858DA162224A28882AAA79F533CA7494456F3183EA0E0E125C6506F898214F32E9CD6D5FBF6E6F098F5C6A91B96506E96D2281C087874C2CDE3C8CDD732B25D990F0C780986A62FACD7B911C17E1ECE3F7D8A0230802CF0741624ACF2997D5389384FE35B4C2765C34901799500DCAF51F275D2443CB07AB73BA8E8743C3964FF1D58B32CA05982CF08CE68828203EB3E5B04BEFB5FFCF2107DC5E4ECE468B13CF9F0EE3DF24EDEFF0B9FBC6BF614FA0AF5840FF0E93E89629C806E7859F5DFB61CB19D2337AC9A35DA1456012EC1CCB0AD1BF4FC1193157D843973FCC1B6AEFC67EC955F38B93E131F261234A249063F6FB320408B0057E54EAB4CF6FF16A9C7EFDE8F22F5163DF9AB7CE825F930711298579F709097A68F7E5C4C2F61BCBFF06A574914B2DF22BF8AD22FF3284B5CD699C858E501252B4C45EDA64E4DDE5E946650E3D3BA44DD7F6A334D557A6BABB20EAD33134A11DB9E0DA5BEAF2BB737E3CEE318062FA716B3481BE1B4FBD5440238B0C46A35818EFA128840C7FECAEBE16588FC608405B187147047967E12E2AA973F44403F4406EB7C8FD214D603EF3F287D6C511DFE3982EA73EC6609D0744E5118BFBAB4FBC788E0DB2C5C30F66F4FD66843F3F06B74855C1A259784B5DA18EF63E47E8D327A49BC0B44F167EA9680ECE7831FF60718459D73D7C5697A0564C6DE2C026FBB04BC26F4E478301C5BA376ED90CC02E4877A8F445A4DBF94556BAF445F43F14C0CD574DE499BAA1FA3954FFAA95A5635AB5AD4E85495571BAA2A03EBA729AF695634AFD0A967516B347F2F1FA1F11DBE1C76FF3DBECD366FD35AD030E31C5648FC2326388165CCBB4794E284D423D067DDD885B3900F1F13FAEA7B532EE9271464638B5A6B36E48BC0F8B32187DDFFD990AB099F9F7C8F79253D8E41656580EF555F7FC2EA9E739266DB9E0E4237B72D7C3B6B8069BA9CA769E4FAF92CD004C078F842D41F7C38AB3B9651F4468E8740C780E83EDBF2E00BF4CD964975472E708029B6CEDD22403843293BF4A9A4023D062856EEA81AC5EAB888A8DC3F1599C0749CB046881D825298A93EA1EAB4F089EBC728E8B492D4B2E716C6FA5EC9904B2E708C0913D869893EC2F56110A64025471A942E0B4D9D06E3DA8968F05A4D63DEE5C2D6E3AE4427B6C2C90EDFD9C04BEEBFBD0A31DB2DB60572B69BA48F02C690DE2E08CACF2A7D09201F5CF68DA0D289C94050EE526D85A0A2C5764050D1246F8EA0C511B5EFF84BE7D57DA3A77850DEFEB6DE6AAE1D7053B0C79E51B3F03DA10D85163851E979B16085F8996A0E67A0273F9FA5DCD59529C2C0E7988A219BDADFD5FAA14E3B884CA236C09A681DA0FC3250015226D400E5CA585EAB76DC8B18005BC6DD5A61F9DA2FC13638A062372F451B15CD57A732397B9D3EAA9E556C5048DEEBB0D0C0D110425EBCC48EF7308A292EAB1AA68F2F3CC41B6E748C0F468B813A3C578391CACE8C6EA5929ADD56D23964435CB28DAC24B94F062B959D19DD4A9CA3DD46D2380503DC828D4C246EE1234DB632D251ED3655D9D429D2A5F887A963C8AB9ADEA038F6C9AA9167C5BF58F322C96AF6ED7C78EA515860386EAAC940AAB4AD24D128412B2C958268D0F4CA4F527A81285A2016E79979A1524DBBB71A96FF526473FB5407B1DC07CADAECDF7C6DD75EE10BDBADEA8F70982BE864C89C9A3C92AEA180BEB9C552DF5080124DF07E16055948CC3E96B9757185D76C5F7C5111A68EA4BFE2432906533C5DD1FABDC6469D17E38D53E5C5AC3F56660893C54B1FB46973935F6A4629C3544D1453E86A6763677267868E97EC2C0E1FAE4E84D7995D3C43A509C03F0DC468243928608DB2FEA8621E4A13532CE98F28259B3421A5A2015A36534A04259B056BE1192CAAAFD15F829A44D244574BFB236BD2499AD09AE235B0353ACB65FD513519274D604D717FEC3AFD445E47F778FF321E6136D9C08A83EE663B9801E37516C57136C0C67D7E13A8F1792016BFB157C0F8F7BD2494F1B4B709A18A10C76684326098D71FE1325C5C7E5A6FF0CD98C20DB7B0C4B7DDF09BF186D1F655C9A19CF7E42A95F4EADC279DEFA6FCACD5FDB846397C15556CAB34236CEF2F29C5E1845598CC7F0966818FD9625E56B841C45FE29416591DF6F1E1D1B1F438677F1ECA3869EA059AB3AAE9B58C38665B48D0224F28711F51A2A64B6CF098A4065522D1D7C4C3CF67F6FFF256A7795083FD2BFFCC52D43F13FF970C0A1E920C5BBFA9E99FE324D7B79FB6F6F429447FAB5EFFFCA5687A60DD2530634EAD43C996EB8CB0F84062903645D30DB459FBD9C4DB9D50C26B042DAA3421D67F7CB0F0E9280F0F4A2DBF09D1F33F86AAA67D5CB011A2E601C15878A398D0F440601D2CE3E3000F7ED2FC71C0B0CEEA1F0BACA39AF1A1804F8683C9CF04FA2F4365CB1D6E359A63D13696A4DCCE9D69D61BE55CEE7A6F52B2B1379AE86AC6F500B80DB2AAD760C61B4B481E6D77D4E41B8F86BD4B6ABF7A92F1BEE415D7191FBB4D27DE660671CBFDD05F2A71780F52DD34A93BBB4F0FDE36D74CA1DC3DCFB11C9604BC6764E3095DBB4FF5DD36D94C61DE3D27DBA084DE3DE3DAAEF6CF1D33ADF716BAF3F45C35D3C87025A38B0577A5DF16817338E12F222041E15116AF26F5F95E6DB9AA1D02EB2A66A1E6443359B0327114B94A8D76B1C3FACA37FCD6CEF23AED620DE9996DB2F9FADF2A9BD769976D487ADC45E2B036ED5097CCDDB18EB56543BDA54461A1271D79E95D3E6BEBFDFA5BCA0B1EC528C2EC31DC11BF9D34E0514C32E6D41990F6AB5EF7C2DED9F88B8BB07FA7FEAA86607F7F916057D835AB3AD76419959BB7A45159458AD0DC608A3CD852CF13EA2F914BA198C598F367DF79DC8EDD742CB0774DEE321A6714BA8CC3452004BC9813D0263FCF6D16759EDEC5F95F3019A30BA0A6CF62F377E487CC0FBC4AEF2B4D4CC800C1BC0B1ED1656349596477F55221DD46A42710375FE5143DE0300E002CBD2373F484D7D10DE8F711AF90FB5247004D20DD03219A7D7AE1A35582C29463D4EDE12770D80B9FBFFB3F24BDC62878540000, N'6.1.3-40302')
INSERT [dbo].[__MigrationHistory] ([MigrationId], [ContextKey], [Model], [ProductVersion]) VALUES (N'201809290919156_asasa', N'IslamicAcademy.Models.ApplicationDbContext', 0x1F8B0800000000000400DD5CDB6EE436127D5F60FF41D05376E1B47CD919CC1AED044EDBCE1A3BBE60DA13E46DC096D86D61244A9128C7C6225F96877C527E618B1275E14D976EB9BB1D0408A645F254B17848168B45FFF9FB1FD3EF9FC3C07AC249EA47E4CC3E9A1CDA16266EE4F96475666774F9ED07FBFBEFFEFEB7E9A5173E5B3F95F54E583D6849D233FB91D2F8D47152F71187289D84BE9B4469B4A413370A1DE445CEF1E1E1BF9DA3230703840D589635FD9411EA8738FF013F671171714C3314DC441E0E52FE1D4AE639AA758B429CC6C8C567F6751A209071EE220F872F93A2816D9D073E0265E63858DA162224A28882AAA79F533CA7494456F3183EA0E0E125C6506F898214F32E9CD6D5FBF6E6F098F5C6A91B96506E96D2281C087874C2CDE3C8CDD732B25D990F0C780986A62FACD7B911C17E1ECE3F7D8A0230802CF0741624ACF2997D5389384FE35B4C2765C34901799500DCAF51F275D2443CB07AB73BA8E8743C3964FF1D58B32CA05982CF08CE68828203EB3E5B04BEFB5FFCF2107DC5E4ECE468B13CF9F0EE3DF24EDEFF0B9FBC6BF614FA0AF5840FF0E93E89629C806E7859F5DFB61CB19D2337AC9A35DA1456012EC1CCB0AD1BF4FC1193157D843973FCC1B6AEFC67EC955F38B93E131F261234A249063F6FB320408B0057E54EAB4CF6FF16A9C7EFDE8F22F5163DF9AB7CE825F930711298579F709097A68F7E5C4C2F61BCBFF06A574914B2DF22BF8AD22FF3284B5CD699C858E501252B4C45EDA64E4DDE5E946650E3D3BA44DD7F6A334D557A6BABB20EAD33134A11DB9E0DA5BEAF2BB737E3CEE318062FA716B3481BE1B4FBD5440238B0C46A35818EFA128840C7FECAEBE16588FC608405B187147047967E12E2AA973F44403F4406EB7C8FD214D603EF3F287D6C511DFE3982EA73EC6609D0744E5118BFBAB4FBC788E0DB2C5C30F66F4FD66843F3F06B74855C1A259784B5DA18EF63E47E8D327A49BC0B44F167EA9680ECE7831FF60718459D73D7C5697A0564C6DE2C026FBB04BC26F4E478301C5BA376ED90CC02E4877A8F445A4DBF94556BAF445F43F14C0CD574DE499BAA1FA3954FFAA95A5635AB5AD4E85495571BAA2A03EBA729AF695634AFD0A967516B347F2F1FA1F11DBE1C76FF3DBECD366FD35AD030E31C5648FC2326388165CCBB4794E284D423D067DDD885B3900F1F13FAEA7B532EE9271464638B5A6B36E48BC0F8B32187DDFFD990AB099F9F7C8F79253D8E41656580EF555F7FC2EA9E739266DB9E0E4237B72D7C3B6B8069BA9CA769E4FAF92CD004C078F842D41F7C38AB3B9651F4468E8740C780E83EDBF2E00BF4CD964975472E708029B6CEDD22403843293BF4A9A4023D062856EEA81AC5EAB888A8DC3F1599C0749CB046881D825298A93EA1EAB4F089EBC728E8B492D4B2E716C6FA5EC9904B2E708C0913D869893EC2F56110A64025471A942E0B4D9D06E3DA8968F05A4D63DEE5C2D6E3AE4427B6C2C90EDFD9C04BEEBFBD0A31DB2DB60572B69BA48F02C690DE2E08CACF2A7D09201F5CF68DA0D289C94050EE526D85A0A2C5764050D1246F8EA0C511B5EFF84BE7D57DA3A77850DEFEB6DE6AAE1D7053B0C79E51B3F03DA10D85163851E979B16085F8996A0E67A0273F9FA5DCD59529C2C0E7988A219BDADFD5FAA14E3B884CA236C09A681DA0FC3250015226D400E5CA585EAB76DC8B18005BC6DD5A61F9DA2FC13638A062372F451B15CD57A732397B9D3EAA9E556C5048DEEBB0D0C0D110425EBCC48EF7308A292EAB1AA68F2F3CC41B6E748C0F468B813A3C578391CACE8C6EA5929ADD56D23964435CB28DAC24B94F062B959D19DD4A9CA3DD46D2380503DC828D4C246EE1234DB632D251ED3655D9D429D2A5F887A963C8AB9ADEA038F6C9AA9167C5BF58F322C96AF6ED7C78EA515860386EAAC940AAB4AD24D128412B2C958268D0F4CA4F527A81285A2016E79979A1524DBBB71A96FF526473FB5407B1DC07CADAECDF7C6DD75EE10BDBADEA8F70982BE864C89C9A3C92AEA180BEB9C552DF5080124DF07E16055948CC3E96B9757185D76C5F7C5111A68EA4BFE2432906533C5DD1FABDC6469D17E38D53E5C5AC3F56660893C54B1FB46973935F6A4629C3544D1453E86A6763677267868E97EC2C0E1FAE4E84D7995D3C43A509C03F0DC468243928608DB2FEA8621E4A13532CE98F28259B3421A5A2015A36534A04259B056BE1192CAAAFD15F829A44D244574BFB236BD2499AD09AE235B0353ACB65FD513519274D604D717FEC3AFD445E47F778FF321E6136D9C08A83EE663B9801E37516C57136C0C67D7E13A8F1792016BFB157C0F8F7BD2494F1B4B709A18A10C76684326098D71FE1325C5C7E5A6FF0CD98C20DB7B0C4B7DDF09BF186D1F655C9A19CF7E42A95F4EADC279DEFA6FCACD5FDB846397C15556CAB34236CEF2F29C5E1845598CC7F0966818FD9625E56B841C45FE29416591DF6F1E1D1B1F438677F1ECA3869EA059AB3AAE9B58C38665B48D0224F28711F51A2A64B6CF098A4065522D1D7C4C3CF67F6FFF256A7795083FD2BFFCC52D43F13FF970C0A1E920C5BBFA9E99FE324D7B79FB6F6F429447FAB5EFFFCA5687A60DD2530634EAD43C996EB8CB0F84062903645D30DB459FBD9C4DB9D50C26B042DAA3421D67F7CB0F0E9280F0F4A2DBF09D1F33F86AAA67D5CB011A2E601C15878A398D0F440601D2CE3E3000F7ED2FC71C0B0CEEA1F0BACA39AF1A1804F8683C9CF04FA2F4365CB1D6E359A63D13696A4DCCE9D69D61BE55CEE7A6F52B2B1379AE86AC6F500B80DB2AAD760C61B4B481E6D77D4E41B8F86BD4B6ABF7A92F1BEE415D7191FBB4D27DE660671CBFDD05F2A71780F52DD34A93BBB4F0FDE36D74CA1DC3DCFB11C9604BC6764E3095DBB4FF5DD36D94C61DE3D27DBA084DE3DE3DAAEF6CF1D33ADF716BAF3F45C35D3C87025A38B0577A5DF16817338E12F222041E15116AF26F5F95E6DB9AA1D02EB2A66A1E6443359B0327114B94A8D76B1C3FACA37FCD6CEF23AED620DE9996DB2F9FADF2A9BD769976D487ADC45E2B036ED5097CCDDB18EB56543BDA54461A1271D79E95D3E6BEBFDFA5BCA0B1EC528C2EC31DC11BF9D34E0514C32E6D41990F6AB5EF7C2DED9F88B8BB07FA7FEAA86607F7F916057D835AB3AD76419959BB7A45159458AD0DC608A3CD852CF13EA2F914BA198C598F367DF79DC8EDD742CB0774DEE321A6714BA8CC3452004BC9813D0263FCF6D16759EDEC5F95F3019A30BA0A6CF62F377E487CC0FBC4AEF2B4D4CC800C1BC0B1ED1656349596477F55221DD46A42710375FE5143DE0300E002CBD2373F484D7D10DE8F711AF90FB5247004D20DD03219A7D7AE1A35582C29463D4EDE12770D80B9FBFFB3F24BDC62878540000, N'6.1.3-40302')
INSERT [dbo].[__MigrationHistory] ([MigrationId], [ContextKey], [Model], [ProductVersion]) VALUES (N'201810020536410_aasas', N'IslamicAcademy.Models.ApplicationDbContext', 0x1F8B0800000000000400DD5CDB6EDC36107D2FD07F10F4D416EECA9726488D750277ED6D8DC617649DA26F0157E2AE8548942A518E8DA25FD6877E527FA14389BAF1A2CBAEF6E2A2409195866786C321391C1DFADFBFFF19BF7BF23DE31147B11B9033F36874681A98D881E392E59999D0C5F76FCC776FBFFE6A7CE9F84FC66FB9DC09938396243E331F280D4F2D2BB61FB08FE291EFDA5110070B3AB203DF424E601D1F1EFE681D1D5918204CC0328CF1878450D7C7E90FF83909888D439A20EF3A70B017F3E7F06696A21A37C8C771886C7C665EC51E021DE73672B0FF3CCA1A98C6B9E722306686BD85692042028A28987AFA31C6331A0564390BE101F2EE9F430C720BE4C59877E1B414EFDA9BC363D61BAB6C9843D9494C03BF27E0D109778F25365FC9C966E13E70E025389A3EB35EA74E04FF39387DF421F0C001A2C2D3891731E133F3BA50711E8737988EF286A30C721A01DC9720FA3CAA221E189DDB1D14E1743C3A64FF1D1893C4A34984CF084E6884BC03E32E997BAEFD2B7EBE0F3E63727672345F9CBC79F51A3927AF7FC027AFAA3D85BE825CED013CBA8B821047601B5E14FD370DABDECE121B16CD2A6D32AF402CC1CC308D6BF4F41E93257D803973FCC634A6EE1376F2273CB83E1217261234A251023F6F12CF43730F17EFAD469DECFF0D5A8F5FBD1E44EB0D7A7497E9D00BFA61E24430AF3E602F7D1B3FB86136BD6AE3FD898B4DA3C067BFEBF195BDFD340B92C8669D09B422F7285A625AB76E6C95C1DB29A419D4F0619DA3EE7F68334BE5F0568AB20EAD32137215DB9E0DB9BD9BD5DB39E2CEC310062F0D2DE691A68053EE572301E0C0A88B950174D435800874ECFFBC1E4E41BC654D847F76D2DCACE8D247AE37C0CADB410BE43D0B37F271E1CE9F028873447A3BE70EC5312C3CCE2F287ED8B88366D84E22980F338AFC70E3DAEE1E02826F127FCEA6D9F6740D3634F75F8229B269105D12D66A6DBCF781FD3948E825712E10C51FA99D03B29FF7AEDF1D601073CE6D1BC7F11482193B9300D2FA1CF08AD093E3DE706C31DC75E633F190EBAB531F61D9FE948B96E98F5A424A813462AA34A8C9D4F7C1D225DD4CCD45F5A66612ADA672B1BEA632B06E967249BDA1A940AB9D99D46089653A42C3679629ECFEA796EB6509BAB5A0E2C619AC90F8674C7004CB98738728C5112947A0CBBAB18BAC241D3EA674E37B53AAE937E42543AB5A6936A48BC0F0B32185DDFFD9909A098F1F5D8765251DCE5BB930C07792571FE5DAE79C60D9B6A743AD9BDB56BE9D3540375DCEE338B0DD7416282A6DBC4E52B71F7238A3BD6892F5462CBC40C720D05DB6E5C113E89B2906D52DB9C01EA6D838B7B34AE404C5EC74290715D8D1C3B07C475518561660EAC67D27E98448C7116B84D821288699EA122A4F0B97D86E88BC562F092D3B6E61ACEF850EF1CD050E31610A5B3DD145B9BADEC20C28F40883D2E6A1B15589B8E640D464ADBA316F4B61CB7197CA205B89C996DC5913973C7FDB4860367B6C0BC1D9EC922E06686B87BB08507E56E91A00E2C165DF02543831690294A7545B09D0BAC77610A07597BCB800CD8EA85DC75F38AFEE5B78D60FCADBDFD61BDDB583D8ACF963CF4233CB3DA10D85163892C3F362CE5EE227AA389C819DFC7C16F354570C11063EC3B45EB229F35D651E6A35838841D40458065A0B28FFEA28014913AA8771792DAFD13A9E45F480CDEB6E8DB07CED17602B31206357BFBE5604F5DF68C5E0EC74FA287A56448314E49D0E0B151C4540888B57BDE31D9CA2ABCBCA8EE9920BF7C9862B1DE383D1E0A096CC55E3A4BC33837B290FCD762FA912B23E29D95A5E12D2278D97F2CE0CEE251EA3ED4E5224053DD282B55C54DFC2079A6C79A5A3D86D8A77632BE365F107634B43E01A5FA33074C9B242E8E24F8C59C6E69A7C3FEBCF71F2330CCB8E1554A7C2DA42130D22B4C4C25B500D964EDD28A61788A23962759E89E34B62CABD55B3FCE72AABDBA73C88F93E904BB37FF3B55DC915A86DB7723EC261A6D0499F253569255D1102EAE606E3D8210F458AE2FD24F0129FE8732C7DEBEC135EB57DF64446185B82FD520E25394CCA74EBDEEF3436F2BC186E9C8A2C66F5B1D243E83C9EE7A0559FEBF2523D4A5EA6AAA2E84A573B1B3B5D3AD377BCC464B1FF70B5226C66769554982A46F9B43B12E7BA5461F8A39E1815BA84045679D71DB5CE68A962D6DF744714682B5548E1550F2BABE4949A91D5172BE1693CAA96E8AE41A6A354D1E5B7DD9115C4942AB4E2F50AD80A9BC577DD5115DC952AB0E27577EC92C822AEC87BBC136A0F43EB6C85D99179BDBD5083B199E57598ADB4C20CA802551EF7C4E2DFFE2530FE7C2F034A7B6E5C27A0B262C97A01A5C1D0AF3FB5CFEAF5E5A7910BA0C7AC7D2BAF2DF14D5C013D5EBFB0DD687048274751A4D05E9C208593E2989FDADAEF0349C7B84CC4347237C2F6FE1C53EC8F98C068F68737F15CCC16F35CE01A117781639AF143CCE3C3A363E13ED1FEDCEDB1E2D8F114A75EDD059FFA986D81EA451E51643FA048265EAC71FFA504956ADA57C4C14F67E69F69ABD3B43CC2FE953E66ACFA8FC4FD238117F751828DBF6422E930F7019ACF6D7B7A7BA3BB57AF7EFF94353D306E239831A7C6A1E0CB5546B87EA7A3973559D335AC59F9A6C7CB9D50E2058A1CF81B1F3D7D5B45EB7D494269A230BB56BF133177E920F721D6EAAFF2CEC35A888A7B0D43E10DE242DDBD8555B0B477161CF849D33B0BFD3AABBEC3B08A69DAFB0B2EE90F26DE5EE8BEA6E52D77B86F29CE58DB58DF523FB7B2BFD7A282EE7AA39348E26B4D749908DE036E0DB2F70A91F1C278D2836DB50A1AF460D8BB0CED8D739FF785EE5C125176CB72DE26B1B9E1B3D5FF8ACFBC070C3C05A368F7ACE56DC79AAE2EBCE7D4CF7EDCE43D0B36CE33DB3D0379DBC1A6AB19EF79B0F5E219EF59ACED6AFFDC71A475DE4277CE1A9609509AEF3BAAC2721B2B38ABC2C3097F1E40106419657699534D436BA2D0B6282C45F44AF5FC3751B1347124BD9244B3DA7E7DE51B7E6367B94CB35A0D6BB449375FFF1B75739966DD1A2EE62EF8CC4A36A48A63DEB28E3591B45E127FB9D69316BA7C5BCEDAF8B1FE25D19507714A6DF6683E38BF1C76F2202E1972EAF46023CBDF8E61EFACFCC549D8BF63775942B0BF3F49B05DDB350B992BB208F2CD5BB02817112A34D7982207B6D4F388BA0B645378CD6ACCE96DF4B46EC7BE74CCB173456E131A2614BA8CFDB9572B78B124A0497F4AB9AEDB3CBE0DD33FAC324417C04C97D5E66FC94F89EB3985DD53454D4803C1B20B5ED1656349596577F95C20DD04A42310775F9114DD633FF4002CBE2533F48857B10DC2EF3D5E22FBB9AC00EA40DA07A2EEF6F1858B9611F2638E51B6879F10C38EFFF4F63FD42FBF2F78550000, N'6.1.3-40302')
SET IDENTITY_INSERT [dbo].[Advantages] ON 

INSERT [dbo].[Advantages] ([Id], [Details], [BranchId]) VALUES (17, NULL, 2)
INSERT [dbo].[Advantages] ([Id], [Details], [BranchId]) VALUES (18, NULL, 2)
INSERT [dbo].[Advantages] ([Id], [Details], [BranchId]) VALUES (19, NULL, 2)
INSERT [dbo].[Advantages] ([Id], [Details], [BranchId]) VALUES (20, NULL, 3)
INSERT [dbo].[Advantages] ([Id], [Details], [BranchId]) VALUES (21, NULL, 3)
INSERT [dbo].[Advantages] ([Id], [Details], [BranchId]) VALUES (22, NULL, 3)
INSERT [dbo].[Advantages] ([Id], [Details], [BranchId]) VALUES (23, N'<p>sssssssssssssss</p>
', 2)
INSERT [dbo].[Advantages] ([Id], [Details], [BranchId]) VALUES (26, N'<p>aaaaaaaaaaaaaaaaaaaaaaaaaaa</p>
', 2)
INSERT [dbo].[Advantages] ([Id], [Details], [BranchId]) VALUES (31, N'<p>aaaaaaaaaaaaaaaa</p>
', 1)
INSERT [dbo].[Advantages] ([Id], [Details], [BranchId]) VALUES (33, N'<p>aaaaaaaaaaaaaaaaaaaaaaa</p>
', 1)
INSERT [dbo].[Advantages] ([Id], [Details], [BranchId]) VALUES (34, N'<p>sssssssssssssddddddddddddd</p>
', 1)
SET IDENTITY_INSERT [dbo].[Advantages] OFF
INSERT [dbo].[AspNetRoles] ([Id], [Name]) VALUES (N'1', N'admin')
INSERT [dbo].[AspNetRoles] ([Id], [Name]) VALUES (N'2', N'Student')
INSERT [dbo].[AspNetRoles] ([Id], [Name]) VALUES (N'3', N'Teacher')
INSERT [dbo].[AspNetUserRoles] ([UserId], [RoleId]) VALUES (N'd16d0345-1343-4dcb-938b-628a796db10e', N'1')
INSERT [dbo].[AspNetUserRoles] ([UserId], [RoleId]) VALUES (N'719edf47-6e4b-4f96-b014-a48947158803', N'2')
INSERT [dbo].[AspNetUserRoles] ([UserId], [RoleId]) VALUES (N'ceeb0436-1f78-4c9d-adc7-bb109e324ffe', N'3')
INSERT [dbo].[AspNetUsers] ([Id], [Email], [EmailConfirmed], [PasswordHash], [SecurityStamp], [PhoneNumber], [PhoneNumberConfirmed], [TwoFactorEnabled], [LockoutEndDateUtc], [LockoutEnabled], [AccessFailedCount], [UserName], [FullName]) VALUES (N'719edf47-6e4b-4f96-b014-a48947158803', N'zozo66805@gmail.com', 0, N'ALn3zauLiFD0PvcQHUBuBPoqfgGU4R6gL4Ta03vR27Q4hMdHN014dh4u8ElP5yTEtA==', N'78599225-3746-429c-8d7d-bcab7caf2ad6', NULL, 0, 0, NULL, 1, 0, N'student@123', NULL)
INSERT [dbo].[AspNetUsers] ([Id], [Email], [EmailConfirmed], [PasswordHash], [SecurityStamp], [PhoneNumber], [PhoneNumberConfirmed], [TwoFactorEnabled], [LockoutEndDateUtc], [LockoutEnabled], [AccessFailedCount], [UserName], [FullName]) VALUES (N'ceeb0436-1f78-4c9d-adc7-bb109e324ffe', N'zozo466805@gmail.com', 0, N'ADfQV8l/ufAg8DRW3EigfILOoqTzMBexMF9STaYR6YxY8Sb+VNz7jp9oxLOAdbUdVA==', N'8ad421ca-571d-4489-a711-74c00260be4b', NULL, 0, 0, NULL, 1, 0, N'teacher@123', NULL)
INSERT [dbo].[AspNetUsers] ([Id], [Email], [EmailConfirmed], [PasswordHash], [SecurityStamp], [PhoneNumber], [PhoneNumberConfirmed], [TwoFactorEnabled], [LockoutEndDateUtc], [LockoutEnabled], [AccessFailedCount], [UserName], [FullName]) VALUES (N'd16d0345-1343-4dcb-938b-628a796db10e', N'zayed973@gmail.com', 0, N'AOLi2OzHD42SjOuyLRhO1yNhbdLkpHTUmluBKOdsaogEphxDV1kINkqqvnlZE7PLCg==', N'9bb9f9c5-c8c2-4832-b27d-792db152425d', NULL, 0, 0, NULL, 1, 0, N'admin@123', NULL)
SET IDENTITY_INSERT [dbo].[AssignmentsDate] ON 

INSERT [dbo].[AssignmentsDate] ([Id], [Tittel], [Details], [BranchId]) VALUES (3, N'AAAAAAA', N'<p>AAAAAAAAAAAA</p>
', 1)
SET IDENTITY_INSERT [dbo].[AssignmentsDate] OFF
SET IDENTITY_INSERT [dbo].[Branches] ON 

INSERT [dbo].[Branches] ([Id], [Name]) VALUES (1, N'الفرع الاول')
INSERT [dbo].[Branches] ([Id], [Name]) VALUES (2, N'الفرع الثانى')
INSERT [dbo].[Branches] ([Id], [Name]) VALUES (3, N'الفرع الثالث')
SET IDENTITY_INSERT [dbo].[Branches] OFF
SET IDENTITY_INSERT [dbo].[Colleges] ON 

INSERT [dbo].[Colleges] ([Id], [Name], [BranchId]) VALUES (3, N'asasas', 1)
INSERT [dbo].[Colleges] ([Id], [Name], [BranchId]) VALUES (4, N'aaaaaa', 1)
SET IDENTITY_INSERT [dbo].[Colleges] OFF
SET IDENTITY_INSERT [dbo].[ContactUs] ON 

INSERT [dbo].[ContactUs] ([Id], [Name], [Email], [Subject], [Phone], [Message]) VALUES (1, N'ششسسسسسسسسسسس', N'asasas@gmail.com', N'سسسسس', N'سسسسس', N'سسسسسسسسس')
INSERT [dbo].[ContactUs] ([Id], [Name], [Email], [Subject], [Phone], [Message]) VALUES (2, N'aaaaaaa', N'asas@gmail.com', N'asas', N'asas', N'aasas')
SET IDENTITY_INSERT [dbo].[ContactUs] OFF
SET IDENTITY_INSERT [dbo].[CourcesStudent] ON 

INSERT [dbo].[CourcesStudent] ([Id], [StudentId], [ElmatoneId]) VALUES (1, 6, 1)
INSERT [dbo].[CourcesStudent] ([Id], [StudentId], [ElmatoneId]) VALUES (2, 6, 3)
INSERT [dbo].[CourcesStudent] ([Id], [StudentId], [ElmatoneId]) VALUES (3, 6, 2)
INSERT [dbo].[CourcesStudent] ([Id], [StudentId], [ElmatoneId]) VALUES (4, 18, 4)
INSERT [dbo].[CourcesStudent] ([Id], [StudentId], [ElmatoneId]) VALUES (5, 18, NULL)
SET IDENTITY_INSERT [dbo].[CourcesStudent] OFF
SET IDENTITY_INSERT [dbo].[Courses] ON 

INSERT [dbo].[Courses] ([Id], [BranchId], [ColleageId], [MatarialeId], [ElmatoneId], [Level], [Masare], [TrackId], [Weak], [Year]) VALUES (8, 1, 4, 1, 2, N'الاول', N'الثانى', 1, NULL, NULL)
INSERT [dbo].[Courses] ([Id], [BranchId], [ColleageId], [MatarialeId], [ElmatoneId], [Level], [Masare], [TrackId], [Weak], [Year]) VALUES (11, 2, 4, 1, 2, N'الاول', N'الثانى', 1, NULL, NULL)
INSERT [dbo].[Courses] ([Id], [BranchId], [ColleageId], [MatarialeId], [ElmatoneId], [Level], [Masare], [TrackId], [Weak], [Year]) VALUES (12, 3, NULL, NULL, NULL, NULL, NULL, 1, NULL, NULL)
INSERT [dbo].[Courses] ([Id], [BranchId], [ColleageId], [MatarialeId], [ElmatoneId], [Level], [Masare], [TrackId], [Weak], [Year]) VALUES (13, 2, NULL, NULL, NULL, NULL, NULL, NULL, NULL, NULL)
INSERT [dbo].[Courses] ([Id], [BranchId], [ColleageId], [MatarialeId], [ElmatoneId], [Level], [Masare], [TrackId], [Weak], [Year]) VALUES (14, 3, NULL, NULL, NULL, NULL, NULL, NULL, NULL, NULL)
INSERT [dbo].[Courses] ([Id], [BranchId], [ColleageId], [MatarialeId], [ElmatoneId], [Level], [Masare], [TrackId], [Weak], [Year]) VALUES (15, 1, 4, 1, 2, NULL, NULL, NULL, NULL, NULL)
SET IDENTITY_INSERT [dbo].[Courses] OFF
SET IDENTITY_INSERT [dbo].[EducationBody] ON 

INSERT [dbo].[EducationBody] ([Id], [Name], [BranchId]) VALUES (1, N'asaas', 1)
INSERT [dbo].[EducationBody] ([Id], [Name], [BranchId]) VALUES (2, N'sss', 2)
SET IDENTITY_INSERT [dbo].[EducationBody] OFF
SET IDENTITY_INSERT [dbo].[Elmatone] ON 

INSERT [dbo].[Elmatone] ([Id], [Name], [MatrialeId]) VALUES (1, N'ثثثثثثثث', 1)
INSERT [dbo].[Elmatone] ([Id], [Name], [MatrialeId]) VALUES (2, N'SSSSSSSSSSS', 1)
SET IDENTITY_INSERT [dbo].[Elmatone] OFF
SET IDENTITY_INSERT [dbo].[EvaluationCriteria] ON 

INSERT [dbo].[EvaluationCriteria] ([Id], [Name], [Details], [BranchId]) VALUES (5, N'aaaaaaaaaa', N'<p>aaaaaaaaaaaaaaaaaaaaaaaaaa</p>
', 1)
INSERT [dbo].[EvaluationCriteria] ([Id], [Name], [Details], [BranchId]) VALUES (6, N'AAAAA', N'<p>AAAAAA</p>
', 1)
INSERT [dbo].[EvaluationCriteria] ([Id], [Name], [Details], [BranchId]) VALUES (7, N'aaaaaaaaaa', N'<p>aaaaaaaaaaaaaaaaaaaaaa</p>
', 1)
INSERT [dbo].[EvaluationCriteria] ([Id], [Name], [Details], [BranchId]) VALUES (9, N'eeeeeee', N'<p>eeeeeeeeeeeeee</p>
', 1)
INSERT [dbo].[EvaluationCriteria] ([Id], [Name], [Details], [BranchId]) VALUES (12, N'wwwww', N'<p>wwwwwwwwwwwww</p>
', 1)
SET IDENTITY_INSERT [dbo].[EvaluationCriteria] OFF
SET IDENTITY_INSERT [dbo].[EvulationStudent] ON 

INSERT [dbo].[EvulationStudent] ([Id], [ElmatoneId], [CoursesId], [StudentId], [Degree], [Nots], [Weaky], [Day], [Oral]) VALUES (1, NULL, NULL, 7, 444.0000, N'aaaaaaaa', N'الاسبوع الثانى', N'444', N'444')
INSERT [dbo].[EvulationStudent] ([Id], [ElmatoneId], [CoursesId], [StudentId], [Degree], [Nots], [Weaky], [Day], [Oral]) VALUES (2, 2, NULL, 6, 555.0000, N'aaaaaa', N'الاسبوع الرابع', N'444', N'4')
SET IDENTITY_INSERT [dbo].[EvulationStudent] OFF
SET IDENTITY_INSERT [dbo].[FirestBranchRegister] ON 

INSERT [dbo].[FirestBranchRegister] ([Id], [ColleageId], [Name], [NationalityId], [Code], [Phonenumber], [WhatsNumber], [TelgramNumber], [Email], [StageId], [Level], [Case], [IsAbroved], [JoinedUniversity], [EducationBodyId], [EvaulationDayes], [TrackId], [UserId]) VALUES (1, 3, N'محمد عبدالله عمر صالح', 1, N'47588888', N'01065888', N'1028685487', N'01028685487', N'zayed9733@gmail.com', 1, N'الاول', N'جديد', NULL, NULL, NULL, NULL, NULL, NULL)
INSERT [dbo].[FirestBranchRegister] ([Id], [ColleageId], [Name], [NationalityId], [Code], [Phonenumber], [WhatsNumber], [TelgramNumber], [Email], [StageId], [Level], [Case], [IsAbroved], [JoinedUniversity], [EducationBodyId], [EvaulationDayes], [TrackId], [UserId]) VALUES (2, 3, N'احمدعبدالله عمر محمد', 1, N'236548', N'01061538163', N'01061538163', N'01061538163', N'zozo@gmail.com', 1, N'الثالث', N'جديد', NULL, NULL, NULL, NULL, NULL, NULL)
INSERT [dbo].[FirestBranchRegister] ([Id], [ColleageId], [Name], [NationalityId], [Code], [Phonenumber], [WhatsNumber], [TelgramNumber], [Email], [StageId], [Level], [Case], [IsAbroved], [JoinedUniversity], [EducationBodyId], [EvaulationDayes], [TrackId], [UserId]) VALUES (3, 3, N'عبدالله عبدالله عمر محمد', 1, N'236548', N'01061538163', N'01061538163', N'01061538163', N'zozo@gmail.com', 1, N'الثالث', N'جديد', NULL, NULL, NULL, NULL, NULL, NULL)
INSERT [dbo].[FirestBranchRegister] ([Id], [ColleageId], [Name], [NationalityId], [Code], [Phonenumber], [WhatsNumber], [TelgramNumber], [Email], [StageId], [Level], [Case], [IsAbroved], [JoinedUniversity], [EducationBodyId], [EvaulationDayes], [TrackId], [UserId]) VALUES (4, 3, N'سليمان محمدعمر محمد', 1, N'236548', N'01061538163', N'01061538163', N'01061538163', N'zozo@gmail.com', 1, N'الثالث', N'جديد', NULL, NULL, NULL, NULL, NULL, NULL)
INSERT [dbo].[FirestBranchRegister] ([Id], [ColleageId], [Name], [NationalityId], [Code], [Phonenumber], [WhatsNumber], [TelgramNumber], [Email], [StageId], [Level], [Case], [IsAbroved], [JoinedUniversity], [EducationBodyId], [EvaulationDayes], [TrackId], [UserId]) VALUES (5, 3, N'عبدالغفور احمدعمر محمد', 1, N'236548', N'01061538163', N'01061538163', N'01061538163', N'zozo@gmail.com', 1, N'الثالث', N'جديد', NULL, NULL, NULL, NULL, NULL, NULL)
INSERT [dbo].[FirestBranchRegister] ([Id], [ColleageId], [Name], [NationalityId], [Code], [Phonenumber], [WhatsNumber], [TelgramNumber], [Email], [StageId], [Level], [Case], [IsAbroved], [JoinedUniversity], [EducationBodyId], [EvaulationDayes], [TrackId], [UserId]) VALUES (6, 3, N'aaaaa', 1, N'', N'aaa', N'aaa', N'aaa', N'aa9233686@gmail.com', 1, N'الثامن', N'جديد', NULL, N'نعم', 1, N'الثلاثاء', 1, N'719edf47-6e4b-4f96-b014-a48947158803')
INSERT [dbo].[FirestBranchRegister] ([Id], [ColleageId], [Name], [NationalityId], [Code], [Phonenumber], [WhatsNumber], [TelgramNumber], [Email], [StageId], [Level], [Case], [IsAbroved], [JoinedUniversity], [EducationBodyId], [EvaulationDayes], [TrackId], [UserId]) VALUES (7, 3, N'aaaaa', 1, N'', N'aaa', N'aaa', N'aaa', N'aa9233686@gmail.com', 1, N'الثامن', N'جديد', NULL, N'نعم', 1, N'الثلاثاء', 1, N'Null')
INSERT [dbo].[FirestBranchRegister] ([Id], [ColleageId], [Name], [NationalityId], [Code], [Phonenumber], [WhatsNumber], [TelgramNumber], [Email], [StageId], [Level], [Case], [IsAbroved], [JoinedUniversity], [EducationBodyId], [EvaulationDayes], [TrackId], [UserId]) VALUES (8, 3, N'aaaaa', 1, N'', N'aaa', N'aaa', N'aaa', N'aa9233686@gmail.com', 1, N'الثامن', N'جديد', NULL, N'نعم', 1, N'الثلاثاء', 1, N'NUll')
INSERT [dbo].[FirestBranchRegister] ([Id], [ColleageId], [Name], [NationalityId], [Code], [Phonenumber], [WhatsNumber], [TelgramNumber], [Email], [StageId], [Level], [Case], [IsAbroved], [JoinedUniversity], [EducationBodyId], [EvaulationDayes], [TrackId], [UserId]) VALUES (9, 3, N'aaaaa', 1, N'', N'aaa', N'aaa', N'aaa', N'aa9233686@gmail.com', 1, N'الثامن', N'جديد', NULL, N'نعم', 1, N'الثلاثاء', 1, NULL)
INSERT [dbo].[FirestBranchRegister] ([Id], [ColleageId], [Name], [NationalityId], [Code], [Phonenumber], [WhatsNumber], [TelgramNumber], [Email], [StageId], [Level], [Case], [IsAbroved], [JoinedUniversity], [EducationBodyId], [EvaulationDayes], [TrackId], [UserId]) VALUES (10, 3, N'aaaaa', 1, N'', N'aaa', N'aaa', N'aaa', N'aa9233686@gmail.com', 1, N'الثامن', N'جديد', NULL, N'نعم', 1, N'الثلاثاء', 1, NULL)
INSERT [dbo].[FirestBranchRegister] ([Id], [ColleageId], [Name], [NationalityId], [Code], [Phonenumber], [WhatsNumber], [TelgramNumber], [Email], [StageId], [Level], [Case], [IsAbroved], [JoinedUniversity], [EducationBodyId], [EvaulationDayes], [TrackId], [UserId]) VALUES (11, 3, N'aaaaa', 1, N'', N'aaa', N'aaa', N'aaa', N'aa9233686@gmail.com', 1, N'الثامن', N'جديد', NULL, N'نعم', 1, N'الثلاثاء', 1, NULL)
INSERT [dbo].[FirestBranchRegister] ([Id], [ColleageId], [Name], [NationalityId], [Code], [Phonenumber], [WhatsNumber], [TelgramNumber], [Email], [StageId], [Level], [Case], [IsAbroved], [JoinedUniversity], [EducationBodyId], [EvaulationDayes], [TrackId], [UserId]) VALUES (12, 3, N'aaaaa', 1, N'', N'aaa', N'aaa', N'aaa', N'aa9233686@gmail.com', 1, N'الثامن', N'جديد', NULL, N'نعم', 1, N'الثلاثاء', 1, NULL)
INSERT [dbo].[FirestBranchRegister] ([Id], [ColleageId], [Name], [NationalityId], [Code], [Phonenumber], [WhatsNumber], [TelgramNumber], [Email], [StageId], [Level], [Case], [IsAbroved], [JoinedUniversity], [EducationBodyId], [EvaulationDayes], [TrackId], [UserId]) VALUES (13, 3, N'aaaaa', 1, N'', N'aaa', N'aaa', N'aaa', N'aa9233686@gmail.com', 1, N'الثامن', N'جديد', NULL, N'نعم', 1, N'الثلاثاء', 1, NULL)
INSERT [dbo].[FirestBranchRegister] ([Id], [ColleageId], [Name], [NationalityId], [Code], [Phonenumber], [WhatsNumber], [TelgramNumber], [Email], [StageId], [Level], [Case], [IsAbroved], [JoinedUniversity], [EducationBodyId], [EvaulationDayes], [TrackId], [UserId]) VALUES (14, 3, N'aaaaa', 1, N'', N'aaa', N'aaa', N'aaa', N'aa9233686@gmail.com', 1, N'الثامن', N'جديد', NULL, N'نعم', 1, N'الثلاثاء', 1, NULL)
INSERT [dbo].[FirestBranchRegister] ([Id], [ColleageId], [Name], [NationalityId], [Code], [Phonenumber], [WhatsNumber], [TelgramNumber], [Email], [StageId], [Level], [Case], [IsAbroved], [JoinedUniversity], [EducationBodyId], [EvaulationDayes], [TrackId], [UserId]) VALUES (15, 3, N'ss', 1, N'sss', N'sss', N'ssssss', N'sssss', N'ssss', 1, N'الثالث', N'جديد', NULL, N'نعم', 1, N'الاثنين', 1, NULL)
INSERT [dbo].[FirestBranchRegister] ([Id], [ColleageId], [Name], [NationalityId], [Code], [Phonenumber], [WhatsNumber], [TelgramNumber], [Email], [StageId], [Level], [Case], [IsAbroved], [JoinedUniversity], [EducationBodyId], [EvaulationDayes], [TrackId], [UserId]) VALUES (16, 3, N'ss', 1, N'sss', N'sss', N'ssssss', N'sssss', N'ssss', 1, N'الثالث', N'جديد', NULL, N'نعم', 1, N'الاثنين', 1, NULL)
INSERT [dbo].[FirestBranchRegister] ([Id], [ColleageId], [Name], [NationalityId], [Code], [Phonenumber], [WhatsNumber], [TelgramNumber], [Email], [StageId], [Level], [Case], [IsAbroved], [JoinedUniversity], [EducationBodyId], [EvaulationDayes], [TrackId], [UserId]) VALUES (17, 3, N'aaaaa', 1, N'aaaa', N'aaaaaaa', N'aaaaaa', N'aaaaaaa', N'aaaaa', 1, N'السابع', N'جديد', NULL, N'نعم', 1, N'الاثنين', 1, NULL)
INSERT [dbo].[FirestBranchRegister] ([Id], [ColleageId], [Name], [NationalityId], [Code], [Phonenumber], [WhatsNumber], [TelgramNumber], [Email], [StageId], [Level], [Case], [IsAbroved], [JoinedUniversity], [EducationBodyId], [EvaulationDayes], [TrackId], [UserId]) VALUES (18, 3, N'aaaaa', 1, N'aaaa', N'aaaaaaa', N'aaaaaa', N'aaaaaaa', N'aaaaa', 1, N'السابع', N'جديد', NULL, N'نعم', 1, N'الاثنين', 1, NULL)
SET IDENTITY_INSERT [dbo].[FirestBranchRegister] OFF
SET IDENTITY_INSERT [dbo].[IntroducingPrize] ON 

INSERT [dbo].[IntroducingPrize] ([Id], [Details]) VALUES (9, N'<p>aaaaaaaaaaaaaaaaaaaaaaaaaaaaaaaaaaaa</p>')
SET IDENTITY_INSERT [dbo].[IntroducingPrize] OFF
SET IDENTITY_INSERT [dbo].[Library] ON 

INSERT [dbo].[Library] ([Id], [Tittel], [Details], [ImagePathe], [Datetime]) VALUES (1, N'شششششش', N'<p>شششششششششششششششش</p>
', N'Uploads/Images/header_img00000000-0000-0000-0000-000000000000.png', CAST(N'2018-10-03 10:00:03.510' AS DateTime))
INSERT [dbo].[Library] ([Id], [Tittel], [Details], [ImagePathe], [Datetime]) VALUES (2, N'شششششش', N'<p>شششششششششششششششششش</p>
', N'Uploads/Images/phone-laundry100000000-0000-0000-0000-000000000000.png', CAST(N'2018-10-03 10:01:15.877' AS DateTime))
SET IDENTITY_INSERT [dbo].[Library] OFF
SET IDENTITY_INSERT [dbo].[LibraryRead] ON 

INSERT [dbo].[LibraryRead] ([Id], [Tittel], [FilePathe], [MatrialId], [ElmatoneId]) VALUES (4, N'ش', N'Uploads/Images/BankIncome00000000-0000-0000-0000-000000000000.pdf', 1, 1)
INSERT [dbo].[LibraryRead] ([Id], [Tittel], [FilePathe], [MatrialId], [ElmatoneId]) VALUES (5, N'aaaa', N'Uploads/Images/DeptAccounts00000000-0000-0000-0000-000000000000.pdf', 1, 1)
SET IDENTITY_INSERT [dbo].[LibraryRead] OFF
SET IDENTITY_INSERT [dbo].[Matiriale] ON 

INSERT [dbo].[Matiriale] ([Id], [Name]) VALUES (1, N'مادة 1')
SET IDENTITY_INSERT [dbo].[Matiriale] OFF
SET IDENTITY_INSERT [dbo].[Nationality] ON 

INSERT [dbo].[Nationality] ([Id], [Name]) VALUES (1, N'aaaa')
SET IDENTITY_INSERT [dbo].[Nationality] OFF
SET IDENTITY_INSERT [dbo].[News] ON 

INSERT [dbo].[News] ([Id], [Tittel], [Details], [Datetime], [ImagePathe]) VALUES (23, N'aaaaaaaaaa', N'<p>aaaaaaaaaaa</p>
', CAST(N'2018-10-02 08:50:45.553' AS DateTime), N'Uploads/Images/Slider100000000-0000-0000-0000-00000000000000000000-0000-0000-0000-000000000000.jpg')
INSERT [dbo].[News] ([Id], [Tittel], [Details], [Datetime], [ImagePathe]) VALUES (24, N'eeeeeeeeee', N'<p>eeeeeeeeeeeeeeeeeeeeeeeeee</p>
', CAST(N'2018-10-02 08:51:02.303' AS DateTime), N'Uploads/Images/058268b4-5908-4c71-aa30-11647f3b6c6300000000-0000-0000-0000-000000000000.png')
INSERT [dbo].[News] ([Id], [Tittel], [Details], [Datetime], [ImagePathe]) VALUES (25, N'rrrrrrrrrrrrrrrrrrr', N'<p>dddddddddddddddddddddd</p>
', CAST(N'2018-10-02 08:51:30.977' AS DateTime), N'Uploads/Images/phone-laundry100000000-0000-0000-0000-000000000000.png')
SET IDENTITY_INSERT [dbo].[News] OFF
SET IDENTITY_INSERT [dbo].[PhotoGallery] ON 

INSERT [dbo].[PhotoGallery] ([Id], [Tittel], [Details], [ImagePathe], [Datetime]) VALUES (3, N'aaaaaaa', N'<p>aaaaaaaaaaaaaaaaaaaaaaaaaaaa</p>
', N'Uploads/Images/Slider100000000-0000-0000-0000-00000000000000000000-0000-0000-0000-000000000000.jpg', CAST(N'2018-10-02 08:40:21.630' AS DateTime))
INSERT [dbo].[PhotoGallery] ([Id], [Tittel], [Details], [ImagePathe], [Datetime]) VALUES (4, N'eeeeeeeer', N'<p>aaaaaaaaaaaaaaaaaaaaaaaaaaa</p>
', N'Uploads/Images/058268b4-5908-4c71-aa30-11647f3b6c6300000000-0000-0000-0000-000000000000.png', CAST(N'2018-10-02 08:42:14.157' AS DateTime))
INSERT [dbo].[PhotoGallery] ([Id], [Tittel], [Details], [ImagePathe], [Datetime]) VALUES (5, N'tttttttt', N'<p>aasasasad</p>
', N'Uploads/Images/header_img00000000-0000-0000-0000-000000000000.png', CAST(N'2018-10-02 08:42:29.263' AS DateTime))
INSERT [dbo].[PhotoGallery] ([Id], [Tittel], [Details], [ImagePathe], [Datetime]) VALUES (6, N'tttttttttttttttttrtrt', N'<p>eeeeeeeeeeeeeeeeeeee</p>
', N'Uploads/Images/Untitled00000000-0000-0000-0000-000000000000.png', CAST(N'2018-10-02 08:43:10.900' AS DateTime))
INSERT [dbo].[PhotoGallery] ([Id], [Tittel], [Details], [ImagePathe], [Datetime]) VALUES (7, N'rrrrrrrrrrrrrrrrrrr', N'<p>ssssssssssssssssssssssss</p>
', N'Uploads/Images/TFS00000000-0000-0000-0000-000000000000.png', CAST(N'2018-10-02 08:43:36.273' AS DateTime))
SET IDENTITY_INSERT [dbo].[PhotoGallery] OFF
SET IDENTITY_INSERT [dbo].[PrepareStudents] ON 

INSERT [dbo].[PrepareStudents] ([Id], [Weak], [Day], [Degree], [IsAttandce], [StudentId]) VALUES (1, N'الاسبوع الاول', NULL, NULL, 0, 1003)
SET IDENTITY_INSERT [dbo].[PrepareStudents] OFF
SET IDENTITY_INSERT [dbo].[Satage] ON 

INSERT [dbo].[Satage] ([Id], [Name]) VALUES (1, N'zzzzzz')
INSERT [dbo].[Satage] ([Id], [Name]) VALUES (2, N'asasas')
SET IDENTITY_INSERT [dbo].[Satage] OFF
SET IDENTITY_INSERT [dbo].[SecondBranchRegister] ON 

INSERT [dbo].[SecondBranchRegister] ([Id], [Name], [NationalityId], [PhoneNumber], [TelegramNumber], [WhatsNumber], [Email], [AcadmayDetails], [Case], [EducationBodyId], [StageId], [STageEducationhigher], [Year], [Bachelorsdegree], [Level], [Elmatone], [IsAbroved], [JoinedUniversity]) VALUES (1003, N'زايدعبدالله عمر صالح', 1, N'01061538163', N'01061538163', N'01065888', N'  zayed9733@gmail.com', N'1', N'جديد', 1, 1, N'الاول', N'الاول', N'1', N'الاول', N'متون', NULL, NULL)
INSERT [dbo].[SecondBranchRegister] ([Id], [Name], [NationalityId], [PhoneNumber], [TelegramNumber], [WhatsNumber], [Email], [AcadmayDetails], [Case], [EducationBodyId], [StageId], [STageEducationhigher], [Year], [Bachelorsdegree], [Level], [Elmatone], [IsAbroved], [JoinedUniversity]) VALUES (1008, N'السعيد محمدعمر صالح', 1, N'01061538163', N'01061538163', N'01065888', N'  zayed9733@gmail.com', N'1', N'جديد', 1, 1, N'الاول', N'الاول', N'1', N'الاول', N'متون', NULL, NULL)
INSERT [dbo].[SecondBranchRegister] ([Id], [Name], [NationalityId], [PhoneNumber], [TelegramNumber], [WhatsNumber], [Email], [AcadmayDetails], [Case], [EducationBodyId], [StageId], [STageEducationhigher], [Year], [Bachelorsdegree], [Level], [Elmatone], [IsAbroved], [JoinedUniversity]) VALUES (1009, N'عبدالرازق محمدعمر صالح', 1, N'01061538163', N'01061538163', N'01065888', N'  zayed9733@gmail.com', N'1', N'جديد', 1, 1, N'الاول', N'الاول', N'1', N'الاول', N'متون', NULL, NULL)
INSERT [dbo].[SecondBranchRegister] ([Id], [Name], [NationalityId], [PhoneNumber], [TelegramNumber], [WhatsNumber], [Email], [AcadmayDetails], [Case], [EducationBodyId], [StageId], [STageEducationhigher], [Year], [Bachelorsdegree], [Level], [Elmatone], [IsAbroved], [JoinedUniversity]) VALUES (1010, N'السعيد محمدعمر صالح', 1, N'01061538163', N'01061538163', N'01065888', N'  zayed9733@gmail.com', N'1', N'جديد', 1, 1, N'الاول', N'الاول', N'1', N'الاول', N'متون', NULL, NULL)
INSERT [dbo].[SecondBranchRegister] ([Id], [Name], [NationalityId], [PhoneNumber], [TelegramNumber], [WhatsNumber], [Email], [AcadmayDetails], [Case], [EducationBodyId], [StageId], [STageEducationhigher], [Year], [Bachelorsdegree], [Level], [Elmatone], [IsAbroved], [JoinedUniversity]) VALUES (1011, N'ssssss', 1, N'44444', N'444444444', N'4444444', N'444444', NULL, N'جديد', 2, 1, NULL, NULL, N'44', N'الاول', N'اسهل المسالك', NULL, N'نعم')
SET IDENTITY_INSERT [dbo].[SecondBranchRegister] OFF
SET IDENTITY_INSERT [dbo].[StudentGrades] ON 

INSERT [dbo].[StudentGrades] ([Id], [StudentId], [EmatoneId], [Value], [Datetime]) VALUES (1, 1, 2, N'     44.00', CAST(N'2018-10-08 14:34:02.073' AS DateTime))
INSERT [dbo].[StudentGrades] ([Id], [StudentId], [EmatoneId], [Value], [Datetime]) VALUES (2, 1, 2, N'     99.00', CAST(N'2018-10-08 14:34:44.177' AS DateTime))
INSERT [dbo].[StudentGrades] ([Id], [StudentId], [EmatoneId], [Value], [Datetime]) VALUES (3, 1, 2, N'    888.00', CAST(N'2018-10-08 14:35:50.380' AS DateTime))
INSERT [dbo].[StudentGrades] ([Id], [StudentId], [EmatoneId], [Value], [Datetime]) VALUES (4, 1, 2, N'     89.00', CAST(N'2018-10-08 14:36:16.533' AS DateTime))
INSERT [dbo].[StudentGrades] ([Id], [StudentId], [EmatoneId], [Value], [Datetime]) VALUES (5, 1, 2, N'     99.00', CAST(N'2018-10-08 14:37:18.327' AS DateTime))
INSERT [dbo].[StudentGrades] ([Id], [StudentId], [EmatoneId], [Value], [Datetime]) VALUES (6, 1, 2, N'     99.00', CAST(N'2018-10-08 14:38:20.043' AS DateTime))
INSERT [dbo].[StudentGrades] ([Id], [StudentId], [EmatoneId], [Value], [Datetime]) VALUES (7, 1, 2, N'      0.00', CAST(N'2018-10-08 14:38:48.100' AS DateTime))
INSERT [dbo].[StudentGrades] ([Id], [StudentId], [EmatoneId], [Value], [Datetime]) VALUES (8, 1, 2, N'     99.00', CAST(N'2018-10-08 14:39:20.160' AS DateTime))
INSERT [dbo].[StudentGrades] ([Id], [StudentId], [EmatoneId], [Value], [Datetime]) VALUES (9, 1, 2, N'    333.00', CAST(N'2018-10-08 14:40:17.343' AS DateTime))
INSERT [dbo].[StudentGrades] ([Id], [StudentId], [EmatoneId], [Value], [Datetime]) VALUES (10, 1, 2, N'     22.00', CAST(N'2018-10-08 14:40:53.913' AS DateTime))
INSERT [dbo].[StudentGrades] ([Id], [StudentId], [EmatoneId], [Value], [Datetime]) VALUES (11, 1, 2, N'    222.00', CAST(N'2018-10-08 14:41:13.983' AS DateTime))
INSERT [dbo].[StudentGrades] ([Id], [StudentId], [EmatoneId], [Value], [Datetime]) VALUES (12, 1, 2, N'    222.00', CAST(N'2018-10-08 14:42:08.320' AS DateTime))
INSERT [dbo].[StudentGrades] ([Id], [StudentId], [EmatoneId], [Value], [Datetime]) VALUES (13, 1, 2, N'    555.00', CAST(N'2018-10-08 14:42:55.263' AS DateTime))
INSERT [dbo].[StudentGrades] ([Id], [StudentId], [EmatoneId], [Value], [Datetime]) VALUES (14, 1, 2, N'  33333.00', CAST(N'2018-10-08 14:44:25.047' AS DateTime))
INSERT [dbo].[StudentGrades] ([Id], [StudentId], [EmatoneId], [Value], [Datetime]) VALUES (15, 1, 2, N'     33.00', CAST(N'2018-10-08 14:45:09.340' AS DateTime))
SET IDENTITY_INSERT [dbo].[StudentGrades] OFF
SET IDENTITY_INSERT [dbo].[TeacherInstructions] ON 

INSERT [dbo].[TeacherInstructions] ([Id], [Datetime], [Tittel], [Details]) VALUES (1, CAST(N'2018-10-08 10:40:17.030' AS DateTime), N'ششششش', N'<p>ششششششششششششششششش</p>
')
SET IDENTITY_INSERT [dbo].[TeacherInstructions] OFF
SET IDENTITY_INSERT [dbo].[ThirdBranchRegister] ON 

INSERT [dbo].[ThirdBranchRegister] ([Id], [Tracks], [Name], [NationalityId], [Code], [PhoneNumber], [WhatsNumber], [TelgrameNumber], [Email], [EducationBodyId], [StageId], [Level], [Case], [IsAbroved]) VALUES (1, N'الابحاث الاجتماعية', N'محمود عمر عبدالرازق شدو', 1, N'1554788', N'01061538163', N'01061538163', N'01061538163', N'zayed9733@gmail.com', 1, 1, N'الاول', N'جديد', NULL)
INSERT [dbo].[ThirdBranchRegister] ([Id], [Tracks], [Name], [NationalityId], [Code], [PhoneNumber], [WhatsNumber], [TelgrameNumber], [Email], [EducationBodyId], [StageId], [Level], [Case], [IsAbroved]) VALUES (2, N'الابحاث الاجتماعية', N'احمد محمد عبدالرازق شدو', 1, N'1554788', N'01061538163', N'01061538163', N'01061538163', N'zayed9733@gmail.com', 1, 1, N'الاول', N'جديد', NULL)
INSERT [dbo].[ThirdBranchRegister] ([Id], [Tracks], [Name], [NationalityId], [Code], [PhoneNumber], [WhatsNumber], [TelgrameNumber], [Email], [EducationBodyId], [StageId], [Level], [Case], [IsAbroved]) VALUES (3, N'الابحاث الاجتماعية', N'كحمود عمر عبدالرازق شدو', 1, N'1554788', N'01061538163', N'01061538163', N'01061538163', N'zayed9733@gmail.com', 1, 1, N'الاول', N'جديد', NULL)
SET IDENTITY_INSERT [dbo].[ThirdBranchRegister] OFF
SET IDENTITY_INSERT [dbo].[Tracks] ON 

INSERT [dbo].[Tracks] ([Id], [Name]) VALUES (1, N'المستوى الاول')
INSERT [dbo].[Tracks] ([Id], [Name]) VALUES (2, N'المستوى الثانى')
INSERT [dbo].[Tracks] ([Id], [Name]) VALUES (3, N'المستوى الثالث')
INSERT [dbo].[Tracks] ([Id], [Name]) VALUES (4, N'المستوى الرابع')
INSERT [dbo].[Tracks] ([Id], [Name]) VALUES (5, N'المستوى الخامس')
INSERT [dbo].[Tracks] ([Id], [Name]) VALUES (6, N'المستوى السادس')
INSERT [dbo].[Tracks] ([Id], [Name]) VALUES (7, N'المستوى السابع')
INSERT [dbo].[Tracks] ([Id], [Name]) VALUES (8, N'المستوى الثامن')
SET IDENTITY_INSERT [dbo].[Tracks] OFF
SET IDENTITY_INSERT [dbo].[Visualiztions] ON 

INSERT [dbo].[Visualiztions] ([Id], [Tittel], [Link], [MatrialId], [ElmatoneId]) VALUES (1, N'aaaaa', N'aaaaaaaaa', 1, 1)
SET IDENTITY_INSERT [dbo].[Visualiztions] OFF
SET ANSI_PADDING ON

GO
/****** Object:  Index [RoleNameIndex]    Script Date: 10/10/2018 06:45:35 م ******/
CREATE UNIQUE NONCLUSTERED INDEX [RoleNameIndex] ON [dbo].[AspNetRoles]
(
	[Name] ASC
)WITH (PAD_INDEX = OFF, STATISTICS_NORECOMPUTE = OFF, SORT_IN_TEMPDB = OFF, IGNORE_DUP_KEY = OFF, DROP_EXISTING = OFF, ONLINE = OFF, ALLOW_ROW_LOCKS = ON, ALLOW_PAGE_LOCKS = ON) ON [PRIMARY]
GO
SET ANSI_PADDING ON

GO
/****** Object:  Index [IX_UserId]    Script Date: 10/10/2018 06:45:35 م ******/
CREATE NONCLUSTERED INDEX [IX_UserId] ON [dbo].[AspNetUserClaims]
(
	[UserId] ASC
)WITH (PAD_INDEX = OFF, STATISTICS_NORECOMPUTE = OFF, SORT_IN_TEMPDB = OFF, DROP_EXISTING = OFF, ONLINE = OFF, ALLOW_ROW_LOCKS = ON, ALLOW_PAGE_LOCKS = ON) ON [PRIMARY]
GO
SET ANSI_PADDING ON

GO
/****** Object:  Index [IX_UserId]    Script Date: 10/10/2018 06:45:35 م ******/
CREATE NONCLUSTERED INDEX [IX_UserId] ON [dbo].[AspNetUserLogins]
(
	[UserId] ASC
)WITH (PAD_INDEX = OFF, STATISTICS_NORECOMPUTE = OFF, SORT_IN_TEMPDB = OFF, DROP_EXISTING = OFF, ONLINE = OFF, ALLOW_ROW_LOCKS = ON, ALLOW_PAGE_LOCKS = ON) ON [PRIMARY]
GO
SET ANSI_PADDING ON

GO
/****** Object:  Index [IX_RoleId]    Script Date: 10/10/2018 06:45:35 م ******/
CREATE NONCLUSTERED INDEX [IX_RoleId] ON [dbo].[AspNetUserRoles]
(
	[RoleId] ASC
)WITH (PAD_INDEX = OFF, STATISTICS_NORECOMPUTE = OFF, SORT_IN_TEMPDB = OFF, DROP_EXISTING = OFF, ONLINE = OFF, ALLOW_ROW_LOCKS = ON, ALLOW_PAGE_LOCKS = ON) ON [PRIMARY]
GO
SET ANSI_PADDING ON

GO
/****** Object:  Index [IX_UserId]    Script Date: 10/10/2018 06:45:35 م ******/
CREATE NONCLUSTERED INDEX [IX_UserId] ON [dbo].[AspNetUserRoles]
(
	[UserId] ASC
)WITH (PAD_INDEX = OFF, STATISTICS_NORECOMPUTE = OFF, SORT_IN_TEMPDB = OFF, DROP_EXISTING = OFF, ONLINE = OFF, ALLOW_ROW_LOCKS = ON, ALLOW_PAGE_LOCKS = ON) ON [PRIMARY]
GO
SET ANSI_PADDING ON

GO
/****** Object:  Index [UserNameIndex]    Script Date: 10/10/2018 06:45:35 م ******/
CREATE UNIQUE NONCLUSTERED INDEX [UserNameIndex] ON [dbo].[AspNetUsers]
(
	[UserName] ASC
)WITH (PAD_INDEX = OFF, STATISTICS_NORECOMPUTE = OFF, SORT_IN_TEMPDB = OFF, IGNORE_DUP_KEY = OFF, DROP_EXISTING = OFF, ONLINE = OFF, ALLOW_ROW_LOCKS = ON, ALLOW_PAGE_LOCKS = ON) ON [PRIMARY]
GO
ALTER TABLE [dbo].[Advantages]  WITH CHECK ADD  CONSTRAINT [FK_Advantages_Branches] FOREIGN KEY([BranchId])
REFERENCES [dbo].[Branches] ([Id])
GO
ALTER TABLE [dbo].[Advantages] CHECK CONSTRAINT [FK_Advantages_Branches]
GO
ALTER TABLE [dbo].[AspNetUserClaims]  WITH CHECK ADD  CONSTRAINT [FK_dbo.AspNetUserClaims_dbo.AspNetUsers_UserId] FOREIGN KEY([UserId])
REFERENCES [dbo].[AspNetUsers] ([Id])
ON DELETE CASCADE
GO
ALTER TABLE [dbo].[AspNetUserClaims] CHECK CONSTRAINT [FK_dbo.AspNetUserClaims_dbo.AspNetUsers_UserId]
GO
ALTER TABLE [dbo].[AspNetUserLogins]  WITH CHECK ADD  CONSTRAINT [FK_dbo.AspNetUserLogins_dbo.AspNetUsers_UserId] FOREIGN KEY([UserId])
REFERENCES [dbo].[AspNetUsers] ([Id])
ON DELETE CASCADE
GO
ALTER TABLE [dbo].[AspNetUserLogins] CHECK CONSTRAINT [FK_dbo.AspNetUserLogins_dbo.AspNetUsers_UserId]
GO
ALTER TABLE [dbo].[AspNetUserRoles]  WITH CHECK ADD  CONSTRAINT [FK_dbo.AspNetUserRoles_dbo.AspNetRoles_RoleId] FOREIGN KEY([RoleId])
REFERENCES [dbo].[AspNetRoles] ([Id])
ON DELETE CASCADE
GO
ALTER TABLE [dbo].[AspNetUserRoles] CHECK CONSTRAINT [FK_dbo.AspNetUserRoles_dbo.AspNetRoles_RoleId]
GO
ALTER TABLE [dbo].[AspNetUserRoles]  WITH CHECK ADD  CONSTRAINT [FK_dbo.AspNetUserRoles_dbo.AspNetUsers_UserId] FOREIGN KEY([UserId])
REFERENCES [dbo].[AspNetUsers] ([Id])
ON DELETE CASCADE
GO
ALTER TABLE [dbo].[AspNetUserRoles] CHECK CONSTRAINT [FK_dbo.AspNetUserRoles_dbo.AspNetUsers_UserId]
GO
ALTER TABLE [dbo].[AssignmentsDate]  WITH CHECK ADD  CONSTRAINT [FK_AssignmentsDate_Branches] FOREIGN KEY([BranchId])
REFERENCES [dbo].[Branches] ([Id])
GO
ALTER TABLE [dbo].[AssignmentsDate] CHECK CONSTRAINT [FK_AssignmentsDate_Branches]
GO
ALTER TABLE [dbo].[Colleges]  WITH CHECK ADD  CONSTRAINT [FK_Colleges_Colleges] FOREIGN KEY([BranchId])
REFERENCES [dbo].[Branches] ([Id])
GO
ALTER TABLE [dbo].[Colleges] CHECK CONSTRAINT [FK_Colleges_Colleges]
GO
ALTER TABLE [dbo].[Courses]  WITH CHECK ADD  CONSTRAINT [FK_Courses_Branches] FOREIGN KEY([BranchId])
REFERENCES [dbo].[Branches] ([Id])
GO
ALTER TABLE [dbo].[Courses] CHECK CONSTRAINT [FK_Courses_Branches]
GO
ALTER TABLE [dbo].[Courses]  WITH CHECK ADD  CONSTRAINT [FK_Courses_Colleges] FOREIGN KEY([ColleageId])
REFERENCES [dbo].[Colleges] ([Id])
GO
ALTER TABLE [dbo].[Courses] CHECK CONSTRAINT [FK_Courses_Colleges]
GO
ALTER TABLE [dbo].[Courses]  WITH CHECK ADD  CONSTRAINT [FK_Courses_Elmatone] FOREIGN KEY([ElmatoneId])
REFERENCES [dbo].[Elmatone] ([Id])
GO
ALTER TABLE [dbo].[Courses] CHECK CONSTRAINT [FK_Courses_Elmatone]
GO
ALTER TABLE [dbo].[Courses]  WITH CHECK ADD  CONSTRAINT [FK_Courses_Matiriale] FOREIGN KEY([MatarialeId])
REFERENCES [dbo].[Matiriale] ([Id])
GO
ALTER TABLE [dbo].[Courses] CHECK CONSTRAINT [FK_Courses_Matiriale]
GO
ALTER TABLE [dbo].[EducationBody]  WITH CHECK ADD  CONSTRAINT [FK_EducationBody_Branches] FOREIGN KEY([BranchId])
REFERENCES [dbo].[Branches] ([Id])
GO
ALTER TABLE [dbo].[EducationBody] CHECK CONSTRAINT [FK_EducationBody_Branches]
GO
ALTER TABLE [dbo].[Elmatone]  WITH CHECK ADD  CONSTRAINT [FK_Elmatone_Matiriale] FOREIGN KEY([MatrialeId])
REFERENCES [dbo].[Matiriale] ([Id])
GO
ALTER TABLE [dbo].[Elmatone] CHECK CONSTRAINT [FK_Elmatone_Matiriale]
GO
ALTER TABLE [dbo].[EvaluationCriteria]  WITH CHECK ADD  CONSTRAINT [FK_EvaluationCriteria_Branches] FOREIGN KEY([BranchId])
REFERENCES [dbo].[Branches] ([Id])
GO
ALTER TABLE [dbo].[EvaluationCriteria] CHECK CONSTRAINT [FK_EvaluationCriteria_Branches]
GO
ALTER TABLE [dbo].[FirestBranchRegister]  WITH CHECK ADD  CONSTRAINT [FK_FirestBranchRegister_Nationality] FOREIGN KEY([NationalityId])
REFERENCES [dbo].[Nationality] ([Id])
GO
ALTER TABLE [dbo].[FirestBranchRegister] CHECK CONSTRAINT [FK_FirestBranchRegister_Nationality]
GO
ALTER TABLE [dbo].[FirestBranchRegister]  WITH CHECK ADD  CONSTRAINT [FK_FirestBranchRegister_Satage] FOREIGN KEY([StageId])
REFERENCES [dbo].[Satage] ([Id])
GO
ALTER TABLE [dbo].[FirestBranchRegister] CHECK CONSTRAINT [FK_FirestBranchRegister_Satage]
GO
ALTER TABLE [dbo].[SecondBranchRegister]  WITH CHECK ADD  CONSTRAINT [FK_SecondBranchRegister_EducationBody] FOREIGN KEY([EducationBodyId])
REFERENCES [dbo].[EducationBody] ([Id])
GO
ALTER TABLE [dbo].[SecondBranchRegister] CHECK CONSTRAINT [FK_SecondBranchRegister_EducationBody]
GO
ALTER TABLE [dbo].[SecondBranchRegister]  WITH CHECK ADD  CONSTRAINT [FK_SecondBranchRegister_Nationality] FOREIGN KEY([NationalityId])
REFERENCES [dbo].[Nationality] ([Id])
GO
ALTER TABLE [dbo].[SecondBranchRegister] CHECK CONSTRAINT [FK_SecondBranchRegister_Nationality]
GO
ALTER TABLE [dbo].[SecondBranchRegister]  WITH CHECK ADD  CONSTRAINT [FK_SecondBranchRegister_Satage] FOREIGN KEY([StageId])
REFERENCES [dbo].[Satage] ([Id])
GO
ALTER TABLE [dbo].[SecondBranchRegister] CHECK CONSTRAINT [FK_SecondBranchRegister_Satage]
GO
ALTER TABLE [dbo].[ThirdBranchRegister]  WITH CHECK ADD  CONSTRAINT [FK_ThirdBranchRegister_EducationBody] FOREIGN KEY([EducationBodyId])
REFERENCES [dbo].[EducationBody] ([Id])
GO
ALTER TABLE [dbo].[ThirdBranchRegister] CHECK CONSTRAINT [FK_ThirdBranchRegister_EducationBody]
GO
ALTER TABLE [dbo].[ThirdBranchRegister]  WITH CHECK ADD  CONSTRAINT [FK_ThirdBranchRegister_Nationality] FOREIGN KEY([NationalityId])
REFERENCES [dbo].[Nationality] ([Id])
GO
ALTER TABLE [dbo].[ThirdBranchRegister] CHECK CONSTRAINT [FK_ThirdBranchRegister_Nationality]
GO
ALTER TABLE [dbo].[ThirdBranchRegister]  WITH CHECK ADD  CONSTRAINT [FK_ThirdBranchRegister_Satage] FOREIGN KEY([StageId])
REFERENCES [dbo].[Satage] ([Id])
GO
ALTER TABLE [dbo].[ThirdBranchRegister] CHECK CONSTRAINT [FK_ThirdBranchRegister_Satage]
GO
/****** Object:  StoredProcedure [dbo].[SP_AddAcoustics]    Script Date: 10/10/2018 06:45:35 م ******/
SET ANSI_NULLS ON
GO
SET QUOTED_IDENTIFIER ON
GO
CREATE Proc [dbo].[SP_AddAcoustics]
@Tittel nvarchar(50),
@ElmatoneId int ,


@FilePathe nvarchar(max),
@MatrialId int ,
@Id int 
as

begin
	BEGIN TRY
	
	
if(@Id=0)
Insert Acoustics(Tittel,ElmatoneId,FilePathe,MatrialId) Values (@Tittel,@ElmatoneId,@FilePathe,@MAtrialId)

else
 update  Acoustics set Tittel=@Tittel, ElmatoneId=@ElmatoneId,
	 FilePathe=@FilePathe,MatrialId=@MatrialId where Id=@Id
 end TRY

 begin Catch
 IF @@TRANCOUNT > 0
					BEGIN
						ROLLBACK TRANSACTION ; -- rollback to MySavePoint
						return 0;
					END

 End Catch

 end
GO
/****** Object:  StoredProcedure [dbo].[SP_AddAdvantages]    Script Date: 10/10/2018 06:45:35 م ******/
SET ANSI_NULLS ON
GO
SET QUOTED_IDENTIFIER ON
GO
Create Proc [dbo].[SP_AddAdvantages]

@Details nvarchar(max),
@BranchId int ,
@Id int 
as

begin
	BEGIN TRY
	
	
	if(@Id=0)

Insert into  Advantages(Details,BranchId) values (@Details,@Branchid)
else
 update  Advantages set Details=@Details ,BranchId=@BranchId where Id=@Id
 end TRY

 begin Catch
 IF @@TRANCOUNT > 0
					BEGIN
						ROLLBACK TRANSACTION ; -- rollback to MySavePoint
						return 0;
					END

 End Catch

 
end
GO
/****** Object:  StoredProcedure [dbo].[SP_AddAdvertisement]    Script Date: 10/10/2018 06:45:35 م ******/
SET ANSI_NULLS ON
GO
SET QUOTED_IDENTIFIER ON
GO
Create Proc [dbo].[SP_AddAdvertisement]
@Tittel nvarchar(50),
@Details nvarchar(max),
@ImagePathe nvarchar(max),
@DateTime datetime,
@Id int 
as

begin
	BEGIN TRY
	
	
if(@Id=0)
Insert into Advertisement(Tittel,Details,ImagePathe,Datetime) Values (@Tittel,@Details,@ImagePathe,@DateTime)

else
 update  Advertisement set Tittel=@Tittel, Details=@Details,
	 ImagePathe=@ImagePathe,Datetime=@DateTime where Id=@Id
 end TRY

 begin Catch
 IF @@TRANCOUNT > 0
					BEGIN
						ROLLBACK TRANSACTION ; -- rollback to MySavePoint
						return 0;
					END

 End Catch

 
end
GO
/****** Object:  StoredProcedure [dbo].[SP_AddAssignmentsDate]    Script Date: 10/10/2018 06:45:35 م ******/
SET ANSI_NULLS ON
GO
SET QUOTED_IDENTIFIER ON
GO
Create Proc [dbo].[SP_AddAssignmentsDate]

@Details nvarchar(max),
@Tittel nvarchar(50),
@BranchId int ,
@Id int 
as

begin
	BEGIN TRY
	
	
	if(@Id=0)

Insert into  AssignmentsDate(Details,Tittel,BranchId) values (@Details,@Tittel,@Branchid)
else
 update  AssignmentsDate set Details=@Details,
 Tittel=@Tittel ,BranchId=@BranchId where Id=@Id
 end TRY

 begin Catch
 IF @@TRANCOUNT > 0
					BEGIN
						ROLLBACK TRANSACTION ; -- rollback to MySavePoint
						return 0;
					END

 End Catch

 
end
GO
/****** Object:  StoredProcedure [dbo].[SP_AddColleges]    Script Date: 10/10/2018 06:45:35 م ******/
SET ANSI_NULLS ON
GO
SET QUOTED_IDENTIFIER ON
GO
CREATE Proc [dbo].[SP_AddColleges]

@Details nvarchar(max),
@BranchId int ,
@Id int 
as

begin
	BEGIN TRY
	
	
	if(@Id=0)

Insert into  Colleges(Name,BranchId) values (@Details,@Branchid)
else
 update  Colleges set Name=@Details ,BranchId=@BranchId where Id=@Id
 end TRY

 begin Catch
 IF @@TRANCOUNT > 0
					BEGIN
						ROLLBACK TRANSACTION ; -- rollback to MySavePoint
						return 0;
					END

 End Catch

 
end
GO
/****** Object:  StoredProcedure [dbo].[SP_AddContactUs]    Script Date: 10/10/2018 06:45:35 م ******/
SET ANSI_NULLS ON
GO
SET QUOTED_IDENTIFIER ON
GO
Create Proc [dbo].[SP_AddContactUs]

@Name nvarchar(50),
@Email nvarchar(50),
@Phone nvarchar(50) ,
@Subject nvarchar(50),
@Message nvarchar(max),

@Id int 
as

begin
	BEGIN TRY
	
	
	

Insert into  ContactUs(Name,Email,Phone,Subject,Message) values (@Name,@Email,@Phone,@Subject,@Message)

 end TRY

 begin Catch
 IF @@TRANCOUNT > 0
					BEGIN
						ROLLBACK TRANSACTION ; -- rollback to MySavePoint
						return 0;
					END

 End Catch

 
end
GO
/****** Object:  StoredProcedure [dbo].[SP_AddCourses]    Script Date: 10/10/2018 06:45:35 م ******/
SET ANSI_NULLS ON
GO
SET QUOTED_IDENTIFIER ON
GO
CREATE Proc [dbo].[SP_AddCourses]

@BranchId int,
@ColleageId int ,
@MatarialeId int ,
@ElmatoneId int,
@Level nvarchar(50),
@Masare nvarchar(50),
@Weak nvarchar(50),
@Year nvarchar(50),
@Id int 
as

begin
	BEGIN TRY
	
	
	if(@Id=0)

Insert into  Courses(BranchId,ColleageId,MatarialeId,ElmatoneId,Level,Masare,Weak,Year) values (@BranchId,@ColleageId,@MatarialeId,@ElmatoneId,@Level,@Masare,@Weak,@Year)
else
 update  Courses set BranchId=@BranchId,
 ColleageId=@ColleageId ,MatarialeId=@MatarialeId , ElmatoneId=@ElmatoneId,Level=@Level,Masare=@Masare ,Weak=@Weak,Year=@Year where Id=@Id
 end TRY

 begin Catch
 IF @@TRANCOUNT > 0
					BEGIN
						ROLLBACK TRANSACTION ; -- rollback to MySavePoint
						return 0;
					END

 End Catch

 
end
GO
/****** Object:  StoredProcedure [dbo].[SP_AddElmatone]    Script Date: 10/10/2018 06:45:35 م ******/
SET ANSI_NULLS ON
GO
SET QUOTED_IDENTIFIER ON
GO
Create Proc [dbo].[SP_AddElmatone]
@Name nvarchar(50),
@MatrialeId int,

@Id int 
as

begin
	BEGIN TRY
	
	
if(@Id=0)
Insert into Elmatone(Name,MatrialeId) Values (@Name,@MatrialeId)

else
 update  Elmatone set Name=@Name, MatrialeId=@MatrialeId
	 where Id=@Id
 end TRY

 begin Catch
 IF @@TRANCOUNT > 0
					BEGIN
						ROLLBACK TRANSACTION ; -- rollback to MySavePoint
						return 0;
					END

 End Catch

 
end
GO
/****** Object:  StoredProcedure [dbo].[SP_AddEvaluationCriteria]    Script Date: 10/10/2018 06:45:35 م ******/
SET ANSI_NULLS ON
GO
SET QUOTED_IDENTIFIER ON
GO
Create Proc [dbo].[SP_AddEvaluationCriteria]

@Name nvarchar(max),
@Details nvarchar(50),
@BranchId int ,
@Id int 
as

begin
	BEGIN TRY
	
	
	if(@Id=0)

Insert into  EvaluationCriteria(Name,Details,BranchId) values (@Name,@Details,@Branchid)
else
 update  EvaluationCriteria set Name=@Name,
 Details=@Details ,BranchId=@BranchId where Id=@Id
 end TRY

 begin Catch
 IF @@TRANCOUNT > 0
					BEGIN
						ROLLBACK TRANSACTION ; -- rollback to MySavePoint
						return 0;
					END

 End Catch

 
end
GO
/****** Object:  StoredProcedure [dbo].[SP_AddEvualtionStudent]    Script Date: 10/10/2018 06:45:35 م ******/
SET ANSI_NULLS ON
GO
SET QUOTED_IDENTIFIER ON
GO
CREATE Proc [dbo].[SP_AddEvualtionStudent]

@StudentId int,

@ElmatoneId int,
@Degree int,

@Day nvarchar(50),
@Weak nvarchar(50),
@Oral nvarchar(50),
@Nots nvarchar(50),
@Id int 
as

begin
	BEGIN TRY
	
	
	if(@Id=0)

Insert into  EvulationStudent(StudentId,ElmatoneId,Degree,Day,Weaky,Oral,Nots) values (@StudentId,@ElmatoneId,@Degree
,@Day,@Weak,@Oral,@Nots)

 end TRY

 begin Catch
 IF @@TRANCOUNT > 0
					BEGIN
						ROLLBACK TRANSACTION ; -- rollback to MySavePoint
						return 0;
					END

 End Catch

 
end
GO
/****** Object:  StoredProcedure [dbo].[SP_AddFirestBranchRegister]    Script Date: 10/10/2018 06:45:35 م ******/
SET ANSI_NULLS ON
GO
SET QUOTED_IDENTIFIER ON
GO
CREATE Proc [dbo].[SP_AddFirestBranchRegister]
@Name nvarchar(50),
@NationalityId int ,
@JoinedUniversity nvarchar(50),
@Code nvarchar(40),
@Phonenumber nvarchar(50),
@WhatsNumber nvarchar(50),
@TelgramNumber nvarchar(50),
@Email nvarchar(50),
@EducationBodyId int,
@StageId int,

@Level nvarchar(50),
@Case nvarchar(50),
@ColleageId int ,
@TrackId int ,
@EvaulationDayes nvarchar(50),

@Id int 
as

begin
	BEGIN TRY
	
	declare @LastId int
	if(@Id=0)

Insert into  FirestBranchRegister(Name,NationalityId,JoinedUniversity,Code,Phonenumber,WhatsNumber,Telgramnumber,Email,EducationBodyId,
StageId,Level,[Case],ColleageId,TrackId,EvaulationDayes)
 values (@Name,@NationalityId,@JoinedUniversity,@Code,@Phonenumber,@WhatsNumber,@TelgramNumber,@Email,@EducationBodyId,
 @StageId,@Level,@Case,@ColleageId,@TrackId,@EvaulationDayes)

 select @LastId = max(Id) from [dbo].[FirestBranchRegister]
 --Return @LastId;

 end TRY

 begin Catch
 --IF @@TRANCOUNT > 0
	--				BEGIN
	--					ROLLBACK TRANSACTION ; -- rollback to MySavePoint
	--					return @LastId;
	--				END

 End Catch

 
end
GO
/****** Object:  StoredProcedure [dbo].[SP_AddFirestBranchRegisterApproved]    Script Date: 10/10/2018 06:45:35 م ******/
SET ANSI_NULLS ON
GO
SET QUOTED_IDENTIFIER ON
GO
Create Proc [dbo].[SP_AddFirestBranchRegisterApproved]

@Id int 
as

begin
	BEGIN TRY
	
	
	

 update  FirestBranchRegister set IsAbroved=1 where Id=@Id
 end TRY

 begin Catch
 IF @@TRANCOUNT > 0
					BEGIN
						ROLLBACK TRANSACTION ; -- rollback to MySavePoint
						return 0;
					END

 End Catch

 
end
GO
/****** Object:  StoredProcedure [dbo].[SP_AddIntroducingPrize]    Script Date: 10/10/2018 06:45:35 م ******/
SET ANSI_NULLS ON
GO
SET QUOTED_IDENTIFIER ON
GO
create Proc [dbo].[SP_AddIntroducingPrize]

@Details nvarchar(max),
@Id int 
as
Declare @OldId int
begin
	BEGIN TRY
	 select @OldId= Max( Id) from IntroducingPrize 
	 if(@OldId >0)
	 update  IntroducingPrize set Details=@Details where Id=@Id
	 else

Insert into  IntroducingPrize  (Details) values (@Details)
 end TRY

 begin Catch
 IF @@TRANCOUNT > 0
					BEGIN
						ROLLBACK TRANSACTION MySavePoint; -- rollback to MySavePoint
						return 0;
					END

 End Catch

 
end
GO
/****** Object:  StoredProcedure [dbo].[SP_AddLibrary]    Script Date: 10/10/2018 06:45:35 م ******/
SET ANSI_NULLS ON
GO
SET QUOTED_IDENTIFIER ON
GO
Create Proc [dbo].[SP_AddLibrary]
@Tittel nvarchar(50),
@Details nvarchar(max),
@ImagePathe nvarchar(max),
@DateTime datetime,
@Id int 
as

begin
	BEGIN TRY
	
	
if(@Id=0)
Insert into Library(Tittel,Details,ImagePathe,Datetime) Values (@Tittel,@Details,@ImagePathe,@DateTime)

else
 update  Library set Tittel=@Tittel, Details=@Details,
	 ImagePathe=@ImagePathe,Datetime=@DateTime where Id=@Id
 end TRY

 begin Catch
 IF @@TRANCOUNT > 0
					BEGIN
						ROLLBACK TRANSACTION ; -- rollback to MySavePoint
						return 0;
					END

 End Catch

 
end
GO
/****** Object:  StoredProcedure [dbo].[SP_AddLibraryRead]    Script Date: 10/10/2018 06:45:35 م ******/
SET ANSI_NULLS ON
GO
SET QUOTED_IDENTIFIER ON
GO
CREATE Proc [dbo].[SP_AddLibraryRead]
@Tittel nvarchar(50),
@ElmatoneId int ,


@FilePathe nvarchar(max),
@MatrialId int ,
@Id int 
as

begin
	BEGIN TRY
	
	
if(@Id=0)
Insert LibraryRead(Tittel,ElmatoneId,FilePathe,MatrialId) Values (@Tittel,@ElmatoneId,@FilePathe,@MAtrialId)

else
 update  LibraryRead set Tittel=@Tittel, ElmatoneId=@ElmatoneId,
	 FilePathe=@FilePathe,MatrialId=@MatrialId where Id=@Id
 end TRY

 begin Catch
 IF @@TRANCOUNT > 0
					BEGIN
						ROLLBACK TRANSACTION ; -- rollback to MySavePoint
						return 0;
					END

 End Catch

 
end
GO
/****** Object:  StoredProcedure [dbo].[SP_AddMatiriale]    Script Date: 10/10/2018 06:45:35 م ******/
SET ANSI_NULLS ON
GO
SET QUOTED_IDENTIFIER ON
GO
Create Proc [dbo].[SP_AddMatiriale]
@Name nvarchar(50),

@Id int 
as

begin
	BEGIN TRY
	
	
if(@Id=0)
Insert into Matiriale(Name) Values (@Name)

else
 update  Matiriale set Name=@Name where Id=@Id
 end TRY

 begin Catch
 IF @@TRANCOUNT > 0
					BEGIN
						ROLLBACK TRANSACTION ; -- rollback to MySavePoint
						return 0;
					END

 End Catch

 
end
GO
/****** Object:  StoredProcedure [dbo].[SP_AddNews]    Script Date: 10/10/2018 06:45:35 م ******/
SET ANSI_NULLS ON
GO
SET QUOTED_IDENTIFIER ON
GO
CREATE Proc [dbo].[SP_AddNews]
@Tittel nvarchar(50),
@Details nvarchar(max),
@ImagePathe nvarchar(max),
@DateTime datetime,
@Id int 
as

begin
	BEGIN TRY
	
	
if(@Id=0)
Insert into News(Tittel,Details,ImagePathe,Datetime) Values (@Tittel,@Details,@ImagePathe,@DateTime)

else
 update  News set Tittel=@Tittel, Details=@Details,
	 ImagePathe=@ImagePathe,Datetime=@DateTime where Id=@Id
 end TRY

 begin Catch
 IF @@TRANCOUNT > 0
					BEGIN
						ROLLBACK TRANSACTION ; -- rollback to MySavePoint
						return 0;
					END

 End Catch

 
end
GO
/****** Object:  StoredProcedure [dbo].[SP_AddPhotoGallery]    Script Date: 10/10/2018 06:45:35 م ******/
SET ANSI_NULLS ON
GO
SET QUOTED_IDENTIFIER ON
GO
Create Proc [dbo].[SP_AddPhotoGallery]
@Tittel nvarchar(50),
@Details nvarchar(max),
@ImagePathe nvarchar(max),
@DateTime datetime,
@Id int 
as

begin
	BEGIN TRY
	
	
if(@Id=0)
Insert into PhotoGallery(Tittel,Details,ImagePathe,Datetime) Values (@Tittel,@Details,@ImagePathe,@DateTime)

else
 update  PhotoGallery set Tittel=@Tittel, Details=@Details,
	 ImagePathe=@ImagePathe,Datetime=@DateTime where Id=@Id
 end TRY

 begin Catch
 IF @@TRANCOUNT > 0
					BEGIN
						ROLLBACK TRANSACTION ; -- rollback to MySavePoint
						return 0;
					END

 End Catch

 
end
GO
/****** Object:  StoredProcedure [dbo].[SP_AddRepresentations]    Script Date: 10/10/2018 06:45:35 م ******/
SET ANSI_NULLS ON
GO
SET QUOTED_IDENTIFIER ON
GO
CREATE Proc [dbo].[SP_AddRepresentations]

@Details nvarchar(max),
@Id int 
as

begin
	BEGIN TRY
	
	if(@Id=0)
Insert into  Representations(Details) values (@Details)
else
update Representations set Details=@Details where Id=@Id
 end TRY

 begin Catch
 IF @@TRANCOUNT > 0
					BEGIN
						ROLLBACK TRANSACTION MySavePoint; -- rollback to MySavePoint
						return 0;
					END

 End Catch

 
end
GO
/****** Object:  StoredProcedure [dbo].[SP_AddSecondBranchRegister]    Script Date: 10/10/2018 06:45:35 م ******/
SET ANSI_NULLS ON
GO
SET QUOTED_IDENTIFIER ON
GO
CREATE Proc [dbo].[SP_AddSecondBranchRegister]
@AcadmayDetails nvarchar(50),
@Bachelorsdegree nvarchar(50),
@Case nvarchar(50),
@EducationBodyId int ,
@Elmatone nvarchar(50),




@Email nvarchar(50),
@Level nvarchar(50),
@Name nvarchar(50),
@NationalityId int ,
@Phonenumber nvarchar(50),
@STageEducationhigher nvarchar(50),

@StageId int ,
@TelegramNumber nvarchar(50),
@WhatsNumber nvarchar(50),
@JoinedUniversity nvarchar(50),
@Id int 
as

begin
	BEGIN TRY
	
	
	if(@Id=0)

Insert into  SecondBranchRegister(AcadmayDetails,Bachelorsdegree,[Case],EducationBodyId,Elmatone,Email,Level,Name,NationalityId,Phonenumber,
STageEducationhigher,StageId,TelegramNumber,WhatsNumber,JoinedUniversity)
 values (@AcadmayDetails,@Bachelorsdegree,@Case,@EducationBodyId,@Elmatone,@Email,@Level,@Name,@NationalityId,@Phonenumber,@STageEducationhigher,@StageId
 ,@TelegramNumber,@WhatsNumber,@JoinedUniversity)
else
 update  SecondBranchRegister set AcadmayDetails=@AcadmayDetails ,Bachelorsdegree=@Bachelorsdegree,
 [Case]=@Case,EducationBodyId=@EducationBodyId,Email=@Email,Level=@Level,Name=@Name,NationalityId=@NationalityId,PhoneNumber=@PhoneNumber,STageEducationhigher=@STageEducationhigher,StageId=@StageId,TelegramNumber=@TelegramNumber,WhatsNumber=@WhatsNumber where Id=@Id
 end TRY

 begin Catch
 IF @@TRANCOUNT > 0
					BEGIN
						ROLLBACK TRANSACTION ; -- rollback to MySavePoint
						return 0;
					END

 End Catch

 
end
GO
/****** Object:  StoredProcedure [dbo].[SP_AddSecondBranchRegisterApproved]    Script Date: 10/10/2018 06:45:35 م ******/
SET ANSI_NULLS ON
GO
SET QUOTED_IDENTIFIER ON
GO
Create Proc [dbo].[SP_AddSecondBranchRegisterApproved]

@Id int 
as

begin
	BEGIN TRY
	
	
	

 update  SecondBranchRegister set IsAbroved=1 where Id=@Id
 end TRY

 begin Catch
 IF @@TRANCOUNT > 0
					BEGIN
						ROLLBACK TRANSACTION ; -- rollback to MySavePoint
						return 0;
					END

 End Catch

 
end
GO
/****** Object:  StoredProcedure [dbo].[SP_AddStudentCoursies]    Script Date: 10/10/2018 06:45:35 م ******/
SET ANSI_NULLS ON
GO
SET QUOTED_IDENTIFIER ON
GO
CREATE Proc [dbo].[SP_AddStudentCoursies]

@StudentId int,
@ElmatoneId int ,

@Id int 
as

begin
	BEGIN TRY
	
	
	if(@Id=0)

Insert into  CourcesStudent(StudentId,ElmatoneId) values (@StudentId,@ElmatoneId)

 end TRY

 begin Catch
 IF @@TRANCOUNT > 0
					BEGIN
						ROLLBACK TRANSACTION ; -- rollback to MySavePoint
						return 0;
					END

 End Catch

 
end
GO
/****** Object:  StoredProcedure [dbo].[SP_AddStudentGards]    Script Date: 10/10/2018 06:45:35 م ******/
SET ANSI_NULLS ON
GO
SET QUOTED_IDENTIFIER ON
GO
Create Proc [dbo].[SP_AddStudentGards]

@StudentId int,
@Value money,
@ElmtoneId int ,
@Datetime datetime,

@Id int 
as

begin
	BEGIN TRY
	
	
	if(@Id=0)

Insert into  StudentGrades(StudentId,EmatoneId,Value,Datetime) values (@StudentId,@ElmtoneId,@Value,@Datetime)
else
 update  StudentGrades set StudentId=@StudentId ,EmatoneId=@ElmtoneId, Value=@Value,Datetime=@Datetime where Id=@Id
 end TRY

 begin Catch
 IF @@TRANCOUNT > 0
					BEGIN
						ROLLBACK TRANSACTION ; -- rollback to MySavePoint
						return 0;
					END

 End Catch

 
end
GO
/****** Object:  StoredProcedure [dbo].[SP_AddStudentInstructions]    Script Date: 10/10/2018 06:45:35 م ******/
SET ANSI_NULLS ON
GO
SET QUOTED_IDENTIFIER ON
GO
Create Proc [dbo].[SP_AddStudentInstructions]
@Tittel nvarchar(50),
@Details nvarchar(50),
@Datetime datetime,
@Id int 
as

begin
	BEGIN TRY
	
	
if(@Id=0)
Insert into StudentInstructions(Tittel,Details,Datetime) Values (@Tittel,@Details,@Datetime)

else
 update  StudentInstructions set Tittel=@Tittel ,Details=@Details,Datetime=@Datetime where Id=@Id
 end TRY

 begin Catch
 IF @@TRANCOUNT > 0
					BEGIN
						ROLLBACK TRANSACTION ; -- rollback to MySavePoint
						return 0;
					END

 End Catch

 
end
GO
/****** Object:  StoredProcedure [dbo].[SP_AddStudentPrepare]    Script Date: 10/10/2018 06:45:35 م ******/
SET ANSI_NULLS ON
GO
SET QUOTED_IDENTIFIER ON
GO
Create Proc [dbo].[SP_AddStudentPrepare]
@StudentId int,
@Weak nvarchar(50),
@Day nvarchar(50),
@Attandce bit,
@Id int 
as

begin
	BEGIN TRY
	
	
if(@Id=0)
Insert into PrepareStudents(StudentId,Weak,Day,IsAttandce) Values (@StudentId,@Weak,@Day,@Attandce)


 end TRY

 begin Catch
 IF @@TRANCOUNT > 0
					BEGIN
						ROLLBACK TRANSACTION ; -- rollback to MySavePoint
						return 0;
					END

 End Catch

 
end
GO
/****** Object:  StoredProcedure [dbo].[SP_AddSysteamPrize]    Script Date: 10/10/2018 06:45:35 م ******/
SET ANSI_NULLS ON
GO
SET QUOTED_IDENTIFIER ON
GO
CREATE Proc [dbo].[SP_AddSysteamPrize]

@Details nvarchar(max),
@Id int 
as

begin
	BEGIN TRY
	
	
	if(@Id=0)

Insert into  SysteamPrize(Details) values (@Details)
else
 update  SysteamPrize set Details=@Details where Id=@Id
 end TRY

 begin Catch
 IF @@TRANCOUNT > 0
					BEGIN
						ROLLBACK TRANSACTION ; -- rollback to MySavePoint
						return 0;
					END

 End Catch

 
end
GO
/****** Object:  StoredProcedure [dbo].[SP_AddTeacherInstructions]    Script Date: 10/10/2018 06:45:35 م ******/
SET ANSI_NULLS ON
GO
SET QUOTED_IDENTIFIER ON
GO
Create Proc [dbo].[SP_AddTeacherInstructions]
@Tittel nvarchar(50),
@Details nvarchar(50),
@Datetime datetime,
@Id int 
as

begin
	BEGIN TRY
	
	
if(@Id=0)
Insert into TeacherInstructions(Tittel,Details,Datetime) Values (@Tittel,@Details,@Datetime)

else
 update  TeacherInstructions set Tittel=@Tittel ,Details=@Details,Datetime=@Datetime where Id=@Id
 end TRY

 begin Catch
 IF @@TRANCOUNT > 0
					BEGIN
						ROLLBACK TRANSACTION ; -- rollback to MySavePoint
						return 0;
					END

 End Catch

 
end
GO
/****** Object:  StoredProcedure [dbo].[SP_AddThirdBranchRegister]    Script Date: 10/10/2018 06:45:35 م ******/
SET ANSI_NULLS ON
GO
SET QUOTED_IDENTIFIER ON
GO
create Proc [dbo].[SP_AddThirdBranchRegister]
@Code nvarchar(50),
@Tracks nvarchar(50),
@Case nvarchar(50),
@EducationBodyId int ,





@Email nvarchar(50),
@Level nvarchar(50),
@Name nvarchar(50),
@NationalityId int ,
@Phonenumber nvarchar(50),


@StageId int ,
@TelgrameNumber nvarchar(50),
@WhatsNumber nvarchar(50),
@Id int 
as

begin
	BEGIN TRY
	
	
	if(@Id=0)

Insert into  ThirdBranchRegister(Code,Tracks,[Case],EducationBodyId,Email,Level,Name,NationalityId,Phonenumber
,StageId,TelgrameNumber,WhatsNumber)
 values (@code,@Tracks,@Case,@EducationBodyId,@Email,@Level,@Name,@NationalityId,@Phonenumber,@StageId
 ,@TelgrameNumber,@WhatsNumber)
else
 update  ThirdBranchRegister set Code=@Code ,Tracks=@Tracks,
 [Case]=@Case,EducationBodyId=@EducationBodyId,Email=@Email,Level=@Level,Name=@Name,NationalityId=@NationalityId,PhoneNumber=@PhoneNumber,StageId=@StageId,TelgrameNumber=@TelgrameNumber,WhatsNumber=@WhatsNumber where Id=@Id
 end TRY

 begin Catch
 IF @@TRANCOUNT > 0
					BEGIN
						ROLLBACK TRANSACTION ; -- rollback to MySavePoint
						return 0;
					END

 End Catch

 
end
GO
/****** Object:  StoredProcedure [dbo].[SP_AddThirdBranchRegisterApproved]    Script Date: 10/10/2018 06:45:35 م ******/
SET ANSI_NULLS ON
GO
SET QUOTED_IDENTIFIER ON
GO
Create Proc [dbo].[SP_AddThirdBranchRegisterApproved]

@Id int 
as

begin
	BEGIN TRY
	
	
	

 update  ThirdBranchRegister set IsAbroved=1 where Id=@Id
 end TRY

 begin Catch
 IF @@TRANCOUNT > 0
					BEGIN
						ROLLBACK TRANSACTION ; -- rollback to MySavePoint
						return 0;
					END

 End Catch

 
end
GO
/****** Object:  StoredProcedure [dbo].[SP_AddVisualiztions]    Script Date: 10/10/2018 06:45:35 م ******/
SET ANSI_NULLS ON
GO
SET QUOTED_IDENTIFIER ON
GO
CREATE Proc [dbo].[SP_AddVisualiztions]
@Tittel nvarchar(50),
@Link nvarchar(50),
@MatrialId int ,
@ElmatoneId int ,

@Id int 
as

begin
	BEGIN TRY
	
	
if(@Id=0)
Insert into Visualiztions(Tittel,Link,MatrialId,ElmatoneId) Values (@Tittel,@Link,@MatrialId,@ElmatoneId)

else
 update  Visualiztions set Tittel=@Tittel, Link=@Link,
	 MatrialId=@MatrialId, ElmatoneId=@ElmatoneId  where Id=@Id
 end TRY

 begin Catch
 IF @@TRANCOUNT > 0
					BEGIN
						ROLLBACK TRANSACTION ; -- rollback to MySavePoint
						return 0;
					END

 End Catch

 
end
GO
/****** Object:  StoredProcedure [dbo].[SP_AddWordsManage]    Script Date: 10/10/2018 06:45:35 م ******/
SET ANSI_NULLS ON
GO
SET QUOTED_IDENTIFIER ON
GO
CREATE Proc [dbo].[SP_AddWordsManage]

@Details nvarchar(max),
@ImagePathe nvarchar(max),
@Id int 
as
Declare @OldId int
begin
	BEGIN TRY
	 select @OldId= Max( Id) from Words where IsSupervisor=0
	 if(@OldId >0)
	 update  Words set Details=@Details, ImagePathe=@ImagePathe where Id=@Id
	 else

Insert into  Words(Details,ImagePathe,IsSupervisor) values (@Details,@ImagePAthe,0)
 end TRY

 begin Catch
 IF @@TRANCOUNT > 0
					BEGIN
						ROLLBACK TRANSACTION MySavePoint; -- rollback to MySavePoint
						return 0;
					END

 End Catch

 
end
GO
/****** Object:  StoredProcedure [dbo].[SP_AddWordsSupevisor]    Script Date: 10/10/2018 06:45:35 م ******/
SET ANSI_NULLS ON
GO
SET QUOTED_IDENTIFIER ON
GO
CREATE Proc [dbo].[SP_AddWordsSupevisor]

@Details nvarchar(max),
@ImagePathe nvarchar(max),
@Id int 
as
Declare @OldId int
begin
	BEGIN TRY
	 select @OldId= Max( Id) from Words where IsSupervisor=1 
	 if(@OldId >0)
	 update  Words set Details=@Details,
	 ImagePathe=@ImagePathe where Id=@Id
	 else

Insert into  Words(Details,ImagePathe,IsSupervisor) values (@Details,@ImagePathe,1)
 end TRY

 begin Catch
 IF @@TRANCOUNT > 0
					BEGIN
						ROLLBACK TRANSACTION ; -- rollback to MySavePoint
						return 0;
					END

 End Catch

 
end
GO
/****** Object:  StoredProcedure [dbo].[Sp_BranchesDrop]    Script Date: 10/10/2018 06:45:35 م ******/
SET ANSI_NULLS ON
GO
SET QUOTED_IDENTIFIER ON
GO

Create proc [dbo].[Sp_BranchesDrop]

as

select  
pc.Id,
pc.Name


from  [dbo].[Branches] pc  


GO
/****** Object:  StoredProcedure [dbo].[Sp_ColleageDrop]    Script Date: 10/10/2018 06:45:35 م ******/
SET ANSI_NULLS ON
GO
SET QUOTED_IDENTIFIER ON
GO

CREATE proc [dbo].[Sp_ColleageDrop]
@BranchId int 
as

select  
pc.Id,
pc.Name


from  [dbo].[Colleges] pc   where pc.BranchId=@BranchId


GO
/****** Object:  StoredProcedure [dbo].[SP_DeleteAcoustics]    Script Date: 10/10/2018 06:45:35 م ******/
SET ANSI_NULLS ON
GO
SET QUOTED_IDENTIFIER ON
GO
Create Proc [dbo].[SP_DeleteAcoustics]


@Id int 
as
Declare @OldId int
begin
	BEGIN TRY
	 Delete  from Acoustics where Id=@Id
 end TRY

 begin Catch
 IF @@TRANCOUNT > 0
					BEGIN
						ROLLBACK TRANSACTION ; -- rollback to MySavePoint
						return 0;
					END

 End Catch

 
end
GO
/****** Object:  StoredProcedure [dbo].[SP_DeleteAdvantages]    Script Date: 10/10/2018 06:45:35 م ******/
SET ANSI_NULLS ON
GO
SET QUOTED_IDENTIFIER ON
GO
Create Proc [dbo].[SP_DeleteAdvantages]


@Id int 
as

begin
	BEGIN TRY
	 Delete  from Advantages where Id=@Id
 end TRY

 begin Catch
 IF @@TRANCOUNT > 0
					BEGIN
						ROLLBACK TRANSACTION ; -- rollback to MySavePoint
						return 0;
					END

 End Catch

 
end
GO
/****** Object:  StoredProcedure [dbo].[SP_DeleteAdvertisement]    Script Date: 10/10/2018 06:45:35 م ******/
SET ANSI_NULLS ON
GO
SET QUOTED_IDENTIFIER ON
GO
Create Proc [dbo].[SP_DeleteAdvertisement]


@Id int 
as

begin
	BEGIN TRY
	 Delete  from Advertisement where Id=@Id
 end TRY

 begin Catch
 IF @@TRANCOUNT > 0
					BEGIN
						ROLLBACK TRANSACTION ; -- rollback to MySavePoint
						return 0;
					END

 End Catch

 
end
GO
/****** Object:  StoredProcedure [dbo].[SP_DeleteAssignmentsDate]    Script Date: 10/10/2018 06:45:35 م ******/
SET ANSI_NULLS ON
GO
SET QUOTED_IDENTIFIER ON
GO
Create Proc [dbo].[SP_DeleteAssignmentsDate]


@Id int 
as

begin
	BEGIN TRY
	 Delete  from AssignmentsDate where Id=@Id
 end TRY

 begin Catch
 IF @@TRANCOUNT > 0
					BEGIN
						ROLLBACK TRANSACTION ; -- rollback to MySavePoint
						return 0;
					END

 End Catch

 
end
GO
/****** Object:  StoredProcedure [dbo].[SP_DeleteColleges]    Script Date: 10/10/2018 06:45:35 م ******/
SET ANSI_NULLS ON
GO
SET QUOTED_IDENTIFIER ON
GO
Create Proc [dbo].[SP_DeleteColleges]


@Id int 
as

begin
	BEGIN TRY
	 Delete  from Colleges where Id=@Id
 end TRY

 begin Catch
 IF @@TRANCOUNT > 0
					BEGIN
						ROLLBACK TRANSACTION ; -- rollback to MySavePoint
						return 0;
					END

 End Catch

 
end
GO
/****** Object:  StoredProcedure [dbo].[SP_DeleteCourses]    Script Date: 10/10/2018 06:45:35 م ******/
SET ANSI_NULLS ON
GO
SET QUOTED_IDENTIFIER ON
GO
Create Proc [dbo].[SP_DeleteCourses]


@Id int 
as

begin
	BEGIN TRY
	 Delete  from Courses where Id=@Id
 end TRY

 begin Catch
 IF @@TRANCOUNT > 0
					BEGIN
						ROLLBACK TRANSACTION ; -- rollback to MySavePoint
						return 0;
					END

 End Catch

 
end
GO
/****** Object:  StoredProcedure [dbo].[SP_DeleteElmatone]    Script Date: 10/10/2018 06:45:35 م ******/
SET ANSI_NULLS ON
GO
SET QUOTED_IDENTIFIER ON
GO
Create Proc [dbo].[SP_DeleteElmatone]


@Id int 
as

begin
	BEGIN TRY
	 Delete  from Elmatone where Id=@Id
 end TRY

 begin Catch
 IF @@TRANCOUNT > 0
					BEGIN
						ROLLBACK TRANSACTION ; -- rollback to MySavePoint
						return 0;
					END

 End Catch

 
end
GO
/****** Object:  StoredProcedure [dbo].[SP_DeleteEvaluationCriteria]    Script Date: 10/10/2018 06:45:35 م ******/
SET ANSI_NULLS ON
GO
SET QUOTED_IDENTIFIER ON
GO
Create Proc [dbo].[SP_DeleteEvaluationCriteria]


@Id int 
as

begin
	BEGIN TRY
	 Delete  from EvaluationCriteria where Id=@Id
 end TRY

 begin Catch
 IF @@TRANCOUNT > 0
					BEGIN
						ROLLBACK TRANSACTION ; -- rollback to MySavePoint
						return 0;
					END

 End Catch

 
end
GO
/****** Object:  StoredProcedure [dbo].[SP_DeleteFirestBranchRegister]    Script Date: 10/10/2018 06:45:35 م ******/
SET ANSI_NULLS ON
GO
SET QUOTED_IDENTIFIER ON
GO
Create Proc [dbo].[SP_DeleteFirestBranchRegister]


@Id int 
as

begin
	BEGIN TRY
	 Delete  from FirestBranchRegister where Id=@Id
 end TRY

 begin Catch
 IF @@TRANCOUNT > 0
					BEGIN
						ROLLBACK TRANSACTION ; -- rollback to MySavePoint
						return 0;
					END

 End Catch

 
end
GO
/****** Object:  StoredProcedure [dbo].[SP_DeleteIntroducingPrize]    Script Date: 10/10/2018 06:45:35 م ******/
SET ANSI_NULLS ON
GO
SET QUOTED_IDENTIFIER ON
GO
create Proc [dbo].[SP_DeleteIntroducingPrize]


@Id int 
as
Declare @OldId int
begin
	BEGIN TRY
	 Delete  from IntroducingPrize where Id=@Id
 end TRY

 begin Catch
 IF @@TRANCOUNT > 0
					BEGIN
						ROLLBACK TRANSACTION MySavePoint; -- rollback to MySavePoint
						return 0;
					END

 End Catch

 
end
GO
/****** Object:  StoredProcedure [dbo].[SP_DeleteLibrary]    Script Date: 10/10/2018 06:45:35 م ******/
SET ANSI_NULLS ON
GO
SET QUOTED_IDENTIFIER ON
GO
Create Proc [dbo].[SP_DeleteLibrary]


@Id int 
as
Declare @OldId int
begin
	BEGIN TRY
	 Delete  from Library where Id=@Id
 end TRY

 begin Catch
 IF @@TRANCOUNT > 0
					BEGIN
						ROLLBACK TRANSACTION ; -- rollback to MySavePoint
						return 0;
					END

 End Catch

 
end
GO
/****** Object:  StoredProcedure [dbo].[SP_DeleteLibraryRead]    Script Date: 10/10/2018 06:45:35 م ******/
SET ANSI_NULLS ON
GO
SET QUOTED_IDENTIFIER ON
GO
Create Proc [dbo].[SP_DeleteLibraryRead]


@Id int 
as
Declare @OldId int
begin
	BEGIN TRY
	 Delete  from LibraryRead where Id=@Id
 end TRY

 begin Catch
 IF @@TRANCOUNT > 0
					BEGIN
						ROLLBACK TRANSACTION ; -- rollback to MySavePoint
						return 0;
					END

 End Catch

 
end
GO
/****** Object:  StoredProcedure [dbo].[SP_DeleteMatiriale]    Script Date: 10/10/2018 06:45:35 م ******/
SET ANSI_NULLS ON
GO
SET QUOTED_IDENTIFIER ON
GO
Create Proc [dbo].[SP_DeleteMatiriale]


@Id int 
as

begin
	BEGIN TRY
	 Delete  from Matiriale where Id=@Id
 end TRY

 begin Catch
 IF @@TRANCOUNT > 0
					BEGIN
						ROLLBACK TRANSACTION ; -- rollback to MySavePoint
						return 0;
					END

 End Catch

 
end
GO
/****** Object:  StoredProcedure [dbo].[SP_DeleteNews]    Script Date: 10/10/2018 06:45:35 م ******/
SET ANSI_NULLS ON
GO
SET QUOTED_IDENTIFIER ON
GO
CREATE Proc [dbo].[SP_DeleteNews]


@Id int 
as

begin
	BEGIN TRY
	 Delete  from News where Id=@Id
 end TRY

 begin Catch
 IF @@TRANCOUNT > 0
					BEGIN
						ROLLBACK TRANSACTION ; -- rollback to MySavePoint
						return 0;
					END

 End Catch

 
end
GO
/****** Object:  StoredProcedure [dbo].[SP_DeletePhotoGallery]    Script Date: 10/10/2018 06:45:35 م ******/
SET ANSI_NULLS ON
GO
SET QUOTED_IDENTIFIER ON
GO
Create Proc [dbo].[SP_DeletePhotoGallery]


@Id int 
as
Declare @OldId int
begin
	BEGIN TRY
	 Delete  from PhotoGallery where Id=@Id
 end TRY

 begin Catch
 IF @@TRANCOUNT > 0
					BEGIN
						ROLLBACK TRANSACTION ; -- rollback to MySavePoint
						return 0;
					END

 End Catch

 
end
GO
/****** Object:  StoredProcedure [dbo].[SP_DeleteRepresentations]    Script Date: 10/10/2018 06:45:35 م ******/
SET ANSI_NULLS ON
GO
SET QUOTED_IDENTIFIER ON
GO
CREATE Proc [dbo].[SP_DeleteRepresentations]


@Id int 
as
Declare @OldId int
begin
	BEGIN TRY
	 Delete  from Representations where Id=@Id
 end TRY

 begin Catch
 IF @@TRANCOUNT > 0
					BEGIN
						ROLLBACK TRANSACTION ; -- rollback to MySavePoint
						return 0;
					END

 End Catch

 
end
GO
/****** Object:  StoredProcedure [dbo].[SP_DeleteSecondBranchRegister]    Script Date: 10/10/2018 06:45:35 م ******/
SET ANSI_NULLS ON
GO
SET QUOTED_IDENTIFIER ON
GO
Create Proc [dbo].[SP_DeleteSecondBranchRegister]


@Id int 
as

begin
	BEGIN TRY
	 Delete  from SecondBranchRegister where Id=@Id
 end TRY

 begin Catch
 IF @@TRANCOUNT > 0
					BEGIN
						ROLLBACK TRANSACTION ; -- rollback to MySavePoint
						return 0;
					END

 End Catch

 
end
GO
/****** Object:  StoredProcedure [dbo].[SP_DeleteStudentInstructions]    Script Date: 10/10/2018 06:45:35 م ******/
SET ANSI_NULLS ON
GO
SET QUOTED_IDENTIFIER ON
GO
Create Proc [dbo].[SP_DeleteStudentInstructions]


@Id int 
as

begin
	BEGIN TRY
	 Delete  from StudentInstructions where Id=@Id
 end TRY

 begin Catch
 IF @@TRANCOUNT > 0
					BEGIN
						ROLLBACK TRANSACTION ; -- rollback to MySavePoint
						return 0;
					END

 End Catch

 
end
GO
/****** Object:  StoredProcedure [dbo].[SP_DeleteSysteamPrize]    Script Date: 10/10/2018 06:45:35 م ******/
SET ANSI_NULLS ON
GO
SET QUOTED_IDENTIFIER ON
GO
Create Proc [dbo].[SP_DeleteSysteamPrize]


@Id int 
as

begin
	BEGIN TRY
	 Delete  from SysteamPrize where Id=@Id
 end TRY

 begin Catch
 IF @@TRANCOUNT > 0
					BEGIN
						ROLLBACK TRANSACTION ; -- rollback to MySavePoint
						return 0;
					END

 End Catch

 
end
GO
/****** Object:  StoredProcedure [dbo].[SP_DeleteTeacherInstructions]    Script Date: 10/10/2018 06:45:35 م ******/
SET ANSI_NULLS ON
GO
SET QUOTED_IDENTIFIER ON
GO
Create Proc [dbo].[SP_DeleteTeacherInstructions]


@Id int 
as

begin
	BEGIN TRY
	 Delete  from TeacherInstructions where Id=@Id
 end TRY

 begin Catch
 IF @@TRANCOUNT > 0
					BEGIN
						ROLLBACK TRANSACTION ; -- rollback to MySavePoint
						return 0;
					END

 End Catch

 
end
GO
/****** Object:  StoredProcedure [dbo].[SP_DeleteThirdBranchRegister]    Script Date: 10/10/2018 06:45:35 م ******/
SET ANSI_NULLS ON
GO
SET QUOTED_IDENTIFIER ON
GO
Create Proc [dbo].[SP_DeleteThirdBranchRegister]


@Id int 
as

begin
	BEGIN TRY
	 Delete  from ThirdBranchRegister where Id=@Id
 end TRY

 begin Catch
 IF @@TRANCOUNT > 0
					BEGIN
						ROLLBACK TRANSACTION ; -- rollback to MySavePoint
						return 0;
					END

 End Catch

 
end
GO
/****** Object:  StoredProcedure [dbo].[SP_DeleteVisualiztions]    Script Date: 10/10/2018 06:45:35 م ******/
SET ANSI_NULLS ON
GO
SET QUOTED_IDENTIFIER ON
GO
Create Proc [dbo].[SP_DeleteVisualiztions]


@Id int 
as
Declare @OldId int
begin
	BEGIN TRY
	 Delete  from Visualiztions where Id=@Id
 end TRY

 begin Catch
 IF @@TRANCOUNT > 0
					BEGIN
						ROLLBACK TRANSACTION ; -- rollback to MySavePoint
						return 0;
					END

 End Catch

 
end
GO
/****** Object:  StoredProcedure [dbo].[SP_DeleteWordsSupevisor]    Script Date: 10/10/2018 06:45:35 م ******/
SET ANSI_NULLS ON
GO
SET QUOTED_IDENTIFIER ON
GO
Create Proc [dbo].[SP_DeleteWordsSupevisor]


@Id int 
as
Declare @OldId int
begin
	BEGIN TRY
	 Delete  from Words where Id=@Id
 end TRY

 begin Catch
 IF @@TRANCOUNT > 0
					BEGIN
						ROLLBACK TRANSACTION MySavePoint; -- rollback to MySavePoint
						return 0;
					END

 End Catch

 
end
GO
/****** Object:  StoredProcedure [dbo].[Sp_ElmatoneDrop]    Script Date: 10/10/2018 06:45:35 م ******/
SET ANSI_NULLS ON
GO
SET QUOTED_IDENTIFIER ON
GO

CREATE proc [dbo].[Sp_ElmatoneDrop]
@MatarialeId int 
as
if(@MatarialeId =0)
select  
pc.Id,
pc.Name


from  [dbo].[Elmatone] pc   
else
select  
pc.Id,
pc.Name


from  [dbo].[Elmatone] pc  where pc.MatrialeId=@MatarialeId


GO
/****** Object:  StoredProcedure [dbo].[SP_GeStudentId]    Script Date: 10/10/2018 06:45:35 م ******/
SET ANSI_NULLS ON
GO
SET QUOTED_IDENTIFIER ON
GO
CREATE Proc [dbo].[SP_GeStudentId]

@UserId nvarchar(128) 
as
begin
	BEGIN TRY
	
select 
p.Id,
p.Name,
p.Code,
p.Phonenumber,
p.WhatsNumber,
p.TelgramNumber,
p.EvaulationDayes,
p.Email,
p.TrackId,

p.IsAbroved,
p.JoinedUniversity,
p.Level,
p.[Case],
c.Name as ColleageName,
n.Name as NationalityName,
e.Name as EducationBodyName,
t.Name as Trackname,
s.Name as StageName




 From  FirestBranchRegister p join Colleges c on p.ColleageId=c.Id   
 join Nationality  n on p.NationalityId=n.Id join Satage s  on p.StageId=s.Id join EducationBody e on p.EducationBodyId=e.Id join Tracks t on p.TrackId=t.Id where p.UserId=@UserId
 

 end TRY

 begin Catch
 IF @@TRANCOUNT > 0
					BEGIN
						ROLLBACK TRANSACTION ; -- rollback to MySavePoint
						return 0;
					END

 End Catch

 
end
GO
/****** Object:  StoredProcedure [dbo].[SP_GetAllAcoustics]    Script Date: 10/10/2018 06:45:35 م ******/
SET ANSI_NULLS ON
GO
SET QUOTED_IDENTIFIER ON
GO
CREATE Proc [dbo].[SP_GetAllAcoustics]


as
begin
	BEGIN TRY

select 
p.Tittel,
p.Id,
p.FilePathe,
m.Name as MatrialName,
e.Name as ElmatoneName

 From Acoustics p join Matiriale m on p.MatrialId=m.Id join Elmatone e on p.ElmatoneId=e.Id
 end TRY

 begin Catch
 IF @@TRANCOUNT > 0
					BEGIN
						ROLLBACK TRANSACTION ; -- rollback to MySavePoint
						return 0;
					END

 End Catch

 
end
GO
/****** Object:  StoredProcedure [dbo].[SP_GetAllAdvantages]    Script Date: 10/10/2018 06:45:35 م ******/
SET ANSI_NULLS ON
GO
SET QUOTED_IDENTIFIER ON
GO
CREATE Proc [dbo].[SP_GetAllAdvantages]

@BranchId int 
as
begin
	BEGIN TRY

select 
p.Id,
p.Details,
b.Name as BranchName


 From Advantages p join Branches b on p.BranchId=b.Id where p.BranchId=@BranchId
 end TRY

 begin Catch
 IF @@TRANCOUNT > 0
					BEGIN
						ROLLBACK TRANSACTION ; -- rollback to MySavePoint
						return 0;
					END

 End Catch

 
end
GO
/****** Object:  StoredProcedure [dbo].[SP_GetAllAdvantagesWeb]    Script Date: 10/10/2018 06:45:35 م ******/
SET ANSI_NULLS ON
GO
SET QUOTED_IDENTIFIER ON
GO
Create Proc [dbo].[SP_GetAllAdvantagesWeb]


as
begin
	BEGIN TRY

select 
*


 From Advantages 
 end TRY

 begin Catch
 IF @@TRANCOUNT > 0
					BEGIN
						ROLLBACK TRANSACTION ; -- rollback to MySavePoint
						return 0;
					END

 End Catch

 
end
GO
/****** Object:  StoredProcedure [dbo].[SP_GetAllAdvertisement]    Script Date: 10/10/2018 06:45:35 م ******/
SET ANSI_NULLS ON
GO
SET QUOTED_IDENTIFIER ON
GO
Create Proc [dbo].[SP_GetAllAdvertisement]


as
begin
	BEGIN TRY

select 
*


 From Advertisement 
 end TRY

 begin Catch
 IF @@TRANCOUNT > 0
					BEGIN
						ROLLBACK TRANSACTION ; -- rollback to MySavePoint
						return 0;
					END

 End Catch

 
end
GO
/****** Object:  StoredProcedure [dbo].[SP_GetAllAssignmentsDate]    Script Date: 10/10/2018 06:45:35 م ******/
SET ANSI_NULLS ON
GO
SET QUOTED_IDENTIFIER ON
GO
CREATE Proc [dbo].[SP_GetAllAssignmentsDate]
@BranchId int 

as
begin
	BEGIN TRY

select 
p.Id,
p.Details,
p.Tittel,
b.Name as BranchName


 From AssignmentsDate p join Branches b on p.BranchId=b.Id where p.BranchId=@BranchId
 end TRY

 begin Catch
 IF @@TRANCOUNT > 0
					BEGIN
						ROLLBACK TRANSACTION ; -- rollback to MySavePoint
						return 0;
					END

 End Catch

 
end
GO
/****** Object:  StoredProcedure [dbo].[SP_GetAllAssignmentsDateWeb]    Script Date: 10/10/2018 06:45:35 م ******/
SET ANSI_NULLS ON
GO
SET QUOTED_IDENTIFIER ON
GO
Create Proc [dbo].[SP_GetAllAssignmentsDateWeb]


as
begin
	BEGIN TRY

select 
*

 From AssignmentsDate 
 end TRY

 begin Catch
 IF @@TRANCOUNT > 0
					BEGIN
						ROLLBACK TRANSACTION ; -- rollback to MySavePoint
						return 0;
					END

 End Catch

 
end
GO
/****** Object:  StoredProcedure [dbo].[SP_GetAllColleges]    Script Date: 10/10/2018 06:45:35 م ******/
SET ANSI_NULLS ON
GO
SET QUOTED_IDENTIFIER ON
GO
CREATE Proc [dbo].[SP_GetAllColleges]


as
begin
	BEGIN TRY

select 
p.Id,
p.Name,
b.Name as BranchName


 From Colleges p join Branches b on p.BranchId=b.Id
 end TRY

 begin Catch
 IF @@TRANCOUNT > 0
					BEGIN
						ROLLBACK TRANSACTION ; -- rollback to MySavePoint
						return 0;
					END

 End Catch

 
end
GO
/****** Object:  StoredProcedure [dbo].[SP_GetAllCollegesWeb]    Script Date: 10/10/2018 06:45:35 م ******/
SET ANSI_NULLS ON
GO
SET QUOTED_IDENTIFIER ON
GO
Create Proc [dbo].[SP_GetAllCollegesWeb]


as
begin
	BEGIN TRY

select 
*


 From Colleges 
 end TRY

 begin Catch
 IF @@TRANCOUNT > 0
					BEGIN
						ROLLBACK TRANSACTION ; -- rollback to MySavePoint
						return 0;
					END

 End Catch

 
end
GO
/****** Object:  StoredProcedure [dbo].[SP_GetAllCouressByTrackingId]    Script Date: 10/10/2018 06:45:35 م ******/
SET ANSI_NULLS ON
GO
SET QUOTED_IDENTIFIER ON
GO
CREATE Proc [dbo].[SP_GetAllCouressByTrackingId]

@TrackingId int 
as
begin
	BEGIN TRY

select 
p.Id,
b.Name as BranchName,
c.Name as ColleageName,
m.Name as MatarialeName,
e.Name as ElmatoneName,
p.ElmatoneId,
p.Masare,
p.Level,
p.TrackId


 From Courses p join Branches b on p.BranchId=b.Id join Colleges c on p.ColleageId=c.Id join Matiriale m on p.MatarialeId=m.Id join Elmatone e on p.ElmatoneId=e.Id
 where p.TrackId=@TrackingId
 end TRY

 begin Catch
 IF @@TRANCOUNT > 0
					BEGIN
						ROLLBACK TRANSACTION ; -- rollback to MySavePoint
						return 0;
					END

 End Catch

 
end
GO
/****** Object:  StoredProcedure [dbo].[SP_GetAllCourses]    Script Date: 10/10/2018 06:45:35 م ******/
SET ANSI_NULLS ON
GO
SET QUOTED_IDENTIFIER ON
GO
CREATE Proc [dbo].[SP_GetAllCourses]
@TrackId int 

as
begin
	BEGIN TRY
	if(@TrackId >0)

	select 
p.Id,
b.Name as BranchName,
c.Name as ColleageName,
m.Name as MatarialeName,
p.ElmatoneId,
p.Masare,
p.Level,
e.Name as ElmatoneName


 From Courses p join Branches b on p.BranchId=b.Id join Colleges c on p.ColleageId=c.Id join Matiriale m on p.MatarialeId=m.Id join Elmatone e on p.ElmatoneId=e.Id where p.TrackId=@TrackId
	
	else

select 
p.Id,
b.Name as BranchName,
c.Name as ColleageName,
m.Name as MatarialeName,
p.ElmatoneId,
p.Masare,
p.Level,
e.Name as ElmatoneName


 From Courses p join Branches b on p.BranchId=b.Id join Colleges c on p.ColleageId=c.Id join Matiriale m on p.MatarialeId=m.Id join Elmatone e on p.ElmatoneId=e.Id
 end TRY

 begin Catch
 IF @@TRANCOUNT > 0
					BEGIN
						ROLLBACK TRANSACTION ; -- rollback to MySavePoint
						return 0;
					END

 End Catch

 
end
GO
/****** Object:  StoredProcedure [dbo].[SP_GetAllCoursesByStudentId]    Script Date: 10/10/2018 06:45:35 م ******/
SET ANSI_NULLS ON
GO
SET QUOTED_IDENTIFIER ON
GO
Create Proc [dbo].[SP_GetAllCoursesByStudentId]
@StudentId int

as
begin
	BEGIN TRY
	

	select 
p.Id,
s.Name as StudentName,

e.Name as ElmatoneName 



 From CourcesStudent p join FirestBranchRegister s on p.StudentId=s.Id join Elmatone e on p.ElmatoneId=e.Id
	

 end TRY

 begin Catch
 IF @@TRANCOUNT > 0
					BEGIN
						ROLLBACK TRANSACTION ; -- rollback to MySavePoint
						return 0;
					END

 End Catch

 
end
GO
/****** Object:  StoredProcedure [dbo].[SP_GetAllCoursesWeb]    Script Date: 10/10/2018 06:45:35 م ******/
SET ANSI_NULLS ON
GO
SET QUOTED_IDENTIFIER ON
GO
Create Proc [dbo].[SP_GetAllCoursesWeb]


as
begin
	BEGIN TRY

select 

*

 From Courses 
 end TRY

 begin Catch
 IF @@TRANCOUNT > 0
					BEGIN
						ROLLBACK TRANSACTION ; -- rollback to MySavePoint
						return 0;
					END

 End Catch

 
end
GO
/****** Object:  StoredProcedure [dbo].[SP_GetAllElmatone]    Script Date: 10/10/2018 06:45:35 م ******/
SET ANSI_NULLS ON
GO
SET QUOTED_IDENTIFIER ON
GO
Create Proc [dbo].[SP_GetAllElmatone]


as
begin
	BEGIN TRY

select 
p.Id,
p.Name,
m.Name as MatrialeName  


 From Elmatone p join Matiriale m on p.MatrialeId=m.Id
 end TRY

 begin Catch
 IF @@TRANCOUNT > 0
					BEGIN
						ROLLBACK TRANSACTION ; -- rollback to MySavePoint
						return 0;
					END

 End Catch

 
end
GO
/****** Object:  StoredProcedure [dbo].[SP_GetAllEvaluationCriteria]    Script Date: 10/10/2018 06:45:35 م ******/
SET ANSI_NULLS ON
GO
SET QUOTED_IDENTIFIER ON
GO
CREATE Proc [dbo].[SP_GetAllEvaluationCriteria]
@BranchId int

as
begin
	BEGIN TRY

select 
p.Id,
p.Details,
p.Name,
b.Name as BranchName


 From EvaluationCriteria p join Branches b on p.BranchId=b.Id where p.BranchId=@BranchId
 end TRY

 begin Catch
 IF @@TRANCOUNT > 0
					BEGIN
						ROLLBACK TRANSACTION ; -- rollback to MySavePoint
						return 0;
					END

 End Catch

 
end
GO
/****** Object:  StoredProcedure [dbo].[SP_GetAllEvaluationCriteriaWeb]    Script Date: 10/10/2018 06:45:35 م ******/
SET ANSI_NULLS ON
GO
SET QUOTED_IDENTIFIER ON
GO
Create Proc [dbo].[SP_GetAllEvaluationCriteriaWeb]


as
begin
	BEGIN TRY

select 
*


 From EvaluationCriteria 
 end TRY

 begin Catch
 IF @@TRANCOUNT > 0
					BEGIN
						ROLLBACK TRANSACTION ; -- rollback to MySavePoint
						return 0;
					END

 End Catch

 
end
GO
/****** Object:  StoredProcedure [dbo].[SP_GetAllFirestBranchRegister]    Script Date: 10/10/2018 06:45:35 م ******/
SET ANSI_NULLS ON
GO
SET QUOTED_IDENTIFIER ON
GO
CREATE Proc [dbo].[SP_GetAllFirestBranchRegister]

@TrackId int 
as
begin
	BEGIN TRY
	if(@TrackId !=0)
select 
p.Id,
p.Name,
p.Code,
p.Phonenumber,
p.WhatsNumber,
p.TelgramNumber,
p.EvaulationDayes,
p.Email,
p.TrackId,
p.IsAbroved,
p.JoinedUniversity,
p.Level,
p.[Case],
c.Name as ColleageName,
n.Name as NationalityName,
e.Name as EducationBodyName,
t.Name as Trackname,
s.Name as StageName




 From  FirestBranchRegister p join Colleges c on p.ColleageId=c.Id   
 join Nationality  n on p.NationalityId=n.Id join Satage s  on p.StageId=s.Id join EducationBody e on p.EducationBodyId=e.Id join Tracks t on p.TrackId=t.Id where p.TrackId=@TrackId
 
 else
 select 
p.Id,
p.Name,
p.Code,
p.Phonenumber,
p.WhatsNumber,
p.TelgramNumber,

p.Email,
p.EvaulationDayes,
p.IsAbroved,
p.TrackId,
p.JoinedUniversity,
p.Level,
p.[Case],
c.Name as ColleageName,
n.Name as NationalityName,
e.Name as EducationBodyName,
t.Name as Trackname,
s.Name as StageName




 From  FirestBranchRegister p join Colleges c on p.ColleageId=c.Id   
 join Nationality  n on p.NationalityId=n.Id join Satage s  on p.StageId=s.Id join EducationBody e on p.EducationBodyId=e.Id join Tracks t on p.TrackId=t.Id
 

 end TRY

 begin Catch
 IF @@TRANCOUNT > 0
					BEGIN
						ROLLBACK TRANSACTION ; -- rollback to MySavePoint
						return 0;
					END

 End Catch

 
end
GO
/****** Object:  StoredProcedure [dbo].[SP_GetAllIntroducingPrize]    Script Date: 10/10/2018 06:45:35 م ******/
SET ANSI_NULLS ON
GO
SET QUOTED_IDENTIFIER ON
GO
create Proc [dbo].[SP_GetAllIntroducingPrize]


as
begin
	BEGIN TRY

select 
*


 From IntroducingPrize 
 end TRY

 begin Catch
 IF @@TRANCOUNT > 0
					BEGIN
						ROLLBACK TRANSACTION MySavePoint; -- rollback to MySavePoint
						return 0;
					END

 End Catch

 
end
GO
/****** Object:  StoredProcedure [dbo].[SP_GetAllLibrary]    Script Date: 10/10/2018 06:45:35 م ******/
SET ANSI_NULLS ON
GO
SET QUOTED_IDENTIFIER ON
GO
Create Proc [dbo].[SP_GetAllLibrary]


as
begin
	BEGIN TRY

select 
*


 From Library 
 end TRY

 begin Catch
 IF @@TRANCOUNT > 0
					BEGIN
						ROLLBACK TRANSACTION ; -- rollback to MySavePoint
						return 0;
					END

 End Catch

 
end
GO
/****** Object:  StoredProcedure [dbo].[SP_GetAllLibraryRead]    Script Date: 10/10/2018 06:45:35 م ******/
SET ANSI_NULLS ON
GO
SET QUOTED_IDENTIFIER ON
GO
CREATE Proc [dbo].[SP_GetAllLibraryRead]


as
begin
	BEGIN TRY

select 
p.Tittel,
p.Id,
p.FilePathe,
m.Name as MatrialName,
e.Name as ElmatoneName

 From LibraryRead p join Matiriale m on p.MatrialId=m.Id join Elmatone e on p.ElmatoneId=e.Id
 end TRY

 begin Catch
 IF @@TRANCOUNT > 0
					BEGIN
						ROLLBACK TRANSACTION ; -- rollback to MySavePoint
						return 0;
					END

 End Catch

 
end
GO
/****** Object:  StoredProcedure [dbo].[SP_GetAllMatiriale]    Script Date: 10/10/2018 06:45:35 م ******/
SET ANSI_NULLS ON
GO
SET QUOTED_IDENTIFIER ON
GO
Create Proc [dbo].[SP_GetAllMatiriale]


as
begin
	BEGIN TRY

select 
*


 From Matiriale 
 end TRY

 begin Catch
 IF @@TRANCOUNT > 0
					BEGIN
						ROLLBACK TRANSACTION ; -- rollback to MySavePoint
						return 0;
					END

 End Catch

 
end
GO
/****** Object:  StoredProcedure [dbo].[SP_GetAllNews]    Script Date: 10/10/2018 06:45:35 م ******/
SET ANSI_NULLS ON
GO
SET QUOTED_IDENTIFIER ON
GO
Create Proc [dbo].[SP_GetAllNews]


as
begin
	BEGIN TRY

select 
*


 From News 
 end TRY

 begin Catch
 IF @@TRANCOUNT > 0
					BEGIN
						ROLLBACK TRANSACTION ; -- rollback to MySavePoint
						return 0;
					END

 End Catch

 
end
GO
/****** Object:  StoredProcedure [dbo].[SP_GetAllPhotoGallery]    Script Date: 10/10/2018 06:45:35 م ******/
SET ANSI_NULLS ON
GO
SET QUOTED_IDENTIFIER ON
GO
Create Proc [dbo].[SP_GetAllPhotoGallery]


as
begin
	BEGIN TRY

select 
*


 From PhotoGallery 
 end TRY

 begin Catch
 IF @@TRANCOUNT > 0
					BEGIN
						ROLLBACK TRANSACTION ; -- rollback to MySavePoint
						return 0;
					END

 End Catch

 
end
GO
/****** Object:  StoredProcedure [dbo].[SP_GetAllRepresentations]    Script Date: 10/10/2018 06:45:35 م ******/
SET ANSI_NULLS ON
GO
SET QUOTED_IDENTIFIER ON
GO
Create Proc [dbo].[SP_GetAllRepresentations]


as
begin
	BEGIN TRY

select 
*


 From Representations 
 end TRY

 begin Catch
 IF @@TRANCOUNT > 0
					BEGIN
						ROLLBACK TRANSACTION MySavePoint; -- rollback to MySavePoint
						return 0;
					END

 End Catch

 
end
GO
/****** Object:  StoredProcedure [dbo].[SP_GetAllSecondBranchRegister]    Script Date: 10/10/2018 06:45:35 م ******/
SET ANSI_NULLS ON
GO
SET QUOTED_IDENTIFIER ON
GO
CREATE Proc [dbo].[SP_GetAllSecondBranchRegister]


as
begin
	BEGIN TRY

select 
p.Id,
p.Name,
p.PhoneNumber,

p.WhatsNumber,
p.TelegramNumber,
p.Email,
p.AcadmayDetails,
p.Level,

p.Elmatone,
p.STageEducationhigher,
p.Bachelorsdegree,
p.Year,
p.[Case],
e.Name as EducationBodyName,

n.Name as NationalityName,
s.Name as StageName



 From   SecondBranchRegister p   join Nationality  n on p.NationalityId=n.Id join Satage s  on p.StageId=s.Id join EducationBody e on p.EducationBodyId=e.Id
 end TRY

 begin Catch
 IF @@TRANCOUNT > 0
					BEGIN
						ROLLBACK TRANSACTION ; -- rollback to MySavePoint
						return 0;
					END

 End Catch

 
end
GO
/****** Object:  StoredProcedure [dbo].[SP_GetAllStudentInstructions]    Script Date: 10/10/2018 06:45:35 م ******/
SET ANSI_NULLS ON
GO
SET QUOTED_IDENTIFIER ON
GO
Create Proc [dbo].[SP_GetAllStudentInstructions]


as
begin
	BEGIN TRY

select 



  * From StudentInstructions 
 end TRY

 begin Catch
 IF @@TRANCOUNT > 0
					BEGIN
						ROLLBACK TRANSACTION ; -- rollback to MySavePoint
						return 0;
					END

 End Catch

 
end
GO
/****** Object:  StoredProcedure [dbo].[SP_GetAllSysteamPrize]    Script Date: 10/10/2018 06:45:35 م ******/
SET ANSI_NULLS ON
GO
SET QUOTED_IDENTIFIER ON
GO
Create Proc [dbo].[SP_GetAllSysteamPrize]


as
begin
	BEGIN TRY

select 
*


 From SysteamPrize 
 end TRY

 begin Catch
 IF @@TRANCOUNT > 0
					BEGIN
						ROLLBACK TRANSACTION MySavePoint; -- rollback to MySavePoint
						return 0;
					END

 End Catch

 
end
GO
/****** Object:  StoredProcedure [dbo].[SP_GetAllTeacherInstructions]    Script Date: 10/10/2018 06:45:35 م ******/
SET ANSI_NULLS ON
GO
SET QUOTED_IDENTIFIER ON
GO
Create Proc [dbo].[SP_GetAllTeacherInstructions]


as
begin
	BEGIN TRY

select 



  * From TeacherInstructions 
 end TRY

 begin Catch
 IF @@TRANCOUNT > 0
					BEGIN
						ROLLBACK TRANSACTION ; -- rollback to MySavePoint
						return 0;
					END

 End Catch

 
end
GO
/****** Object:  StoredProcedure [dbo].[SP_GetAllThirdBranchRegister]    Script Date: 10/10/2018 06:45:35 م ******/
SET ANSI_NULLS ON
GO
SET QUOTED_IDENTIFIER ON
GO
Create Proc [dbo].[SP_GetAllThirdBranchRegister]


as
begin
	BEGIN TRY

select 
p.Id,
p.Tracks,
p.Name,
p.PhoneNumber,
p.Code,

p.WhatsNumber,
p.TelgrameNumber,
p.Email,

p.Level,


e.Name as EducationBodyName,

n.Name as NationalityName,
s.Name as StageName



 From  ThirdBranchRegister p   join Nationality  n on p.NationalityId=n.Id join Satage s  on p.StageId=s.Id join EducationBody e on p.EducationBodyId=e.Id
 end TRY

 begin Catch
 IF @@TRANCOUNT > 0
					BEGIN
						ROLLBACK TRANSACTION ; -- rollback to MySavePoint
						return 0;
					END

 End Catch

 
end
GO
/****** Object:  StoredProcedure [dbo].[SP_GetAllWordsManage]    Script Date: 10/10/2018 06:45:35 م ******/
SET ANSI_NULLS ON
GO
SET QUOTED_IDENTIFIER ON
GO
CREATE Proc [dbo].[SP_GetAllWordsManage]


as
begin
	BEGIN TRY

select 
*


 From Words where IsSupervisor=0
 end TRY

 begin Catch
 IF @@TRANCOUNT > 0
					BEGIN
						ROLLBACK TRANSACTION MySavePoint; -- rollback to MySavePoint
						return 0;
					END

 End Catch

 
end
GO
/****** Object:  StoredProcedure [dbo].[SP_GetAllWordsSupevisor]    Script Date: 10/10/2018 06:45:35 م ******/
SET ANSI_NULLS ON
GO
SET QUOTED_IDENTIFIER ON
GO
CREATE Proc [dbo].[SP_GetAllWordsSupevisor]


as
begin
	BEGIN TRY

select 
*


 From Words where IsSupervisor=1
 end TRY

 begin Catch
 IF @@TRANCOUNT > 0
					BEGIN
						ROLLBACK TRANSACTION MySavePoint; -- rollback to MySavePoint
						return 0;
					END

 End Catch

 
end
GO
/****** Object:  StoredProcedure [dbo].[SP_GetAlVisualiztions]    Script Date: 10/10/2018 06:45:35 م ******/
SET ANSI_NULLS ON
GO
SET QUOTED_IDENTIFIER ON
GO
CREATE Proc [dbo].[SP_GetAlVisualiztions]


as
begin
	BEGIN TRY

select 
p.Id,
p.Tittel,
p.Link,
m.Name as MatrialName,
e.Name as ElmatoneName


 From Visualiztions p  join Matiriale m on p.MatrialId=m.Id join Elmatone  e on p.ElmatoneId=e.Id
 end TRY

 begin Catch
 IF @@TRANCOUNT > 0
					BEGIN
						ROLLBACK TRANSACTION ; -- rollback to MySavePoint
						return 0;
					END

 End Catch

 
end
GO
/****** Object:  StoredProcedure [dbo].[SP_GetLAstId]    Script Date: 10/10/2018 06:45:35 م ******/
SET ANSI_NULLS ON
GO
SET QUOTED_IDENTIFIER ON
GO
CREATE Proc [dbo].[SP_GetLAstId]


as
begin
	BEGIN TRY

select 
*



 From FirestBranchRegister 
 end TRY

 begin Catch
 IF @@TRANCOUNT > 0
					BEGIN
						ROLLBACK TRANSACTION ; -- rollback to MySavePoint
						return 0;
					END

 End Catch

 
end
GO
/****** Object:  StoredProcedure [dbo].[Sp_MatarialeDrop]    Script Date: 10/10/2018 06:45:35 م ******/
SET ANSI_NULLS ON
GO
SET QUOTED_IDENTIFIER ON
GO

CREATE proc [dbo].[Sp_MatarialeDrop]

as

select  
pc.Id,
pc.Name


from  [dbo].[Matiriale] pc   


GO
/****** Object:  StoredProcedure [dbo].[SP_SelecLibraryById]    Script Date: 10/10/2018 06:45:35 م ******/
SET ANSI_NULLS ON
GO
SET QUOTED_IDENTIFIER ON
GO
Create Proc [dbo].[SP_SelecLibraryById]


@Id int 
as

begin
	BEGIN TRY
	 select * from Library where Id=@Id
 end TRY

 begin Catch
 IF @@TRANCOUNT > 0
					BEGIN
						ROLLBACK TRANSACTION ; -- rollback to MySavePoint
						return 0;
					END

 End Catch

 
end
GO
/****** Object:  StoredProcedure [dbo].[SP_SelecStudentInstructionsById]    Script Date: 10/10/2018 06:45:35 م ******/
SET ANSI_NULLS ON
GO
SET QUOTED_IDENTIFIER ON
GO
Create Proc [dbo].[SP_SelecStudentInstructionsById]


@Id int 
as

begin
	BEGIN TRY
	 select * from StudentInstructions where Id=@Id
 end TRY

 begin Catch
 IF @@TRANCOUNT > 0
					BEGIN
						ROLLBACK TRANSACTION ; -- rollback to MySavePoint
						return 0;
					END

 End Catch

 
end
GO
/****** Object:  StoredProcedure [dbo].[SP_SelectAcousticsById]    Script Date: 10/10/2018 06:45:35 م ******/
SET ANSI_NULLS ON
GO
SET QUOTED_IDENTIFIER ON
GO
Create Proc [dbo].[SP_SelectAcousticsById]


@Id int 
as

begin
	BEGIN TRY
	 select * from Acoustics where Id=@Id
 end TRY

 begin Catch
 IF @@TRANCOUNT > 0
					BEGIN
						ROLLBACK TRANSACTION ; -- rollback to MySavePoint
						return 0;
					END

 End Catch

 
end
GO
/****** Object:  StoredProcedure [dbo].[SP_SelectAdvantagesId]    Script Date: 10/10/2018 06:45:35 م ******/
SET ANSI_NULLS ON
GO
SET QUOTED_IDENTIFIER ON
GO
Create Proc [dbo].[SP_SelectAdvantagesId]


@Id int 
as

begin
	BEGIN TRY
	 select * from Advantages where Id=@Id
 end TRY

 begin Catch
 IF @@TRANCOUNT > 0
					BEGIN
						ROLLBACK TRANSACTION ; -- rollback to MySavePoint
						return 0;
					END

 End Catch

 
end
GO
/****** Object:  StoredProcedure [dbo].[SP_SelectAdvertisementById]    Script Date: 10/10/2018 06:45:35 م ******/
SET ANSI_NULLS ON
GO
SET QUOTED_IDENTIFIER ON
GO
Create Proc [dbo].[SP_SelectAdvertisementById]


@Id int 
as

begin
	BEGIN TRY
	 select * from Advertisement where Id=@Id
 end TRY

 begin Catch
 IF @@TRANCOUNT > 0
					BEGIN
						ROLLBACK TRANSACTION ; -- rollback to MySavePoint
						return 0;
					END

 End Catch

 
end
GO
/****** Object:  StoredProcedure [dbo].[SP_SelectAssignmentsDateId]    Script Date: 10/10/2018 06:45:35 م ******/
SET ANSI_NULLS ON
GO
SET QUOTED_IDENTIFIER ON
GO
Create Proc [dbo].[SP_SelectAssignmentsDateId]


@Id int 
as

begin
	BEGIN TRY
	 select * from AssignmentsDate where Id=@Id
 end TRY

 begin Catch
 IF @@TRANCOUNT > 0
					BEGIN
						ROLLBACK TRANSACTION ; -- rollback to MySavePoint
						return 0;
					END

 End Catch

 
end
GO
/****** Object:  StoredProcedure [dbo].[SP_SelectCollegesId]    Script Date: 10/10/2018 06:45:35 م ******/
SET ANSI_NULLS ON
GO
SET QUOTED_IDENTIFIER ON
GO
Create Proc [dbo].[SP_SelectCollegesId]


@Id int 
as

begin
	BEGIN TRY
	 select * from Colleges where Id=@Id
 end TRY

 begin Catch
 IF @@TRANCOUNT > 0
					BEGIN
						ROLLBACK TRANSACTION ; -- rollback to MySavePoint
						return 0;
					END

 End Catch

 
end
GO
/****** Object:  StoredProcedure [dbo].[SP_SelectCoursesId]    Script Date: 10/10/2018 06:45:35 م ******/
SET ANSI_NULLS ON
GO
SET QUOTED_IDENTIFIER ON
GO
Create Proc [dbo].[SP_SelectCoursesId]


@Id int 
as

begin
	BEGIN TRY
	 select * from Courses where Id=@Id
 end TRY

 begin Catch
 IF @@TRANCOUNT > 0
					BEGIN
						ROLLBACK TRANSACTION ; -- rollback to MySavePoint
						return 0;
					END

 End Catch

 
end
GO
/****** Object:  StoredProcedure [dbo].[SP_SelecTeacherInstructionsById]    Script Date: 10/10/2018 06:45:35 م ******/
SET ANSI_NULLS ON
GO
SET QUOTED_IDENTIFIER ON
GO
Create Proc [dbo].[SP_SelecTeacherInstructionsById]


@Id int 
as

begin
	BEGIN TRY
	 select * from TeacherInstructions where Id=@Id
 end TRY

 begin Catch
 IF @@TRANCOUNT > 0
					BEGIN
						ROLLBACK TRANSACTION ; -- rollback to MySavePoint
						return 0;
					END

 End Catch

 
end
GO
/****** Object:  StoredProcedure [dbo].[SP_SelectElmatoneId]    Script Date: 10/10/2018 06:45:35 م ******/
SET ANSI_NULLS ON
GO
SET QUOTED_IDENTIFIER ON
GO
Create Proc [dbo].[SP_SelectElmatoneId]


@Id int 
as

begin
	BEGIN TRY
	 select * from Elmatone where Id=@Id
 end TRY

 begin Catch
 IF @@TRANCOUNT > 0
					BEGIN
						ROLLBACK TRANSACTION ; -- rollback to MySavePoint
						return 0;
					END

 End Catch

 
end
GO
/****** Object:  StoredProcedure [dbo].[SP_SelectEvaluationCriteriaId]    Script Date: 10/10/2018 06:45:35 م ******/
SET ANSI_NULLS ON
GO
SET QUOTED_IDENTIFIER ON
GO
Create Proc [dbo].[SP_SelectEvaluationCriteriaId]


@Id int 
as

begin
	BEGIN TRY
	 select * from EvaluationCriteria where Id=@Id
 end TRY

 begin Catch
 IF @@TRANCOUNT > 0
					BEGIN
						ROLLBACK TRANSACTION ; -- rollback to MySavePoint
						return 0;
					END

 End Catch

 
end
GO
/****** Object:  StoredProcedure [dbo].[SP_SelectFirestBranchRegisterId]    Script Date: 10/10/2018 06:45:35 م ******/
SET ANSI_NULLS ON
GO
SET QUOTED_IDENTIFIER ON
GO
Create Proc [dbo].[SP_SelectFirestBranchRegisterId]


@Id int 
as

begin
	BEGIN TRY
	 select * from FirestBranchRegister where Id=@Id
 end TRY

 begin Catch
 IF @@TRANCOUNT > 0
					BEGIN
						ROLLBACK TRANSACTION ; -- rollback to MySavePoint
						return 0;
					END

 End Catch

 
end
GO
/****** Object:  StoredProcedure [dbo].[SP_SelectIntroducingPrizeId]    Script Date: 10/10/2018 06:45:35 م ******/
SET ANSI_NULLS ON
GO
SET QUOTED_IDENTIFIER ON
GO
create Proc [dbo].[SP_SelectIntroducingPrizeId]


@Id int 
as
Declare @OldId int
begin
	BEGIN TRY
	 select * from IntroducingPrize where Id=@Id
 end TRY

 begin Catch
 IF @@TRANCOUNT > 0
					BEGIN
						ROLLBACK TRANSACTION MySavePoint; -- rollback to MySavePoint
						return 0;
					END

 End Catch

 
end
GO
/****** Object:  StoredProcedure [dbo].[SP_SelectLibraryReadById]    Script Date: 10/10/2018 06:45:35 م ******/
SET ANSI_NULLS ON
GO
SET QUOTED_IDENTIFIER ON
GO
Create Proc [dbo].[SP_SelectLibraryReadById]


@Id int 
as

begin
	BEGIN TRY
	 select * from LibraryRead where Id=@Id
 end TRY

 begin Catch
 IF @@TRANCOUNT > 0
					BEGIN
						ROLLBACK TRANSACTION ; -- rollback to MySavePoint
						return 0;
					END

 End Catch

 
end
GO
/****** Object:  StoredProcedure [dbo].[SP_SelectMatirialeId]    Script Date: 10/10/2018 06:45:35 م ******/
SET ANSI_NULLS ON
GO
SET QUOTED_IDENTIFIER ON
GO
Create Proc [dbo].[SP_SelectMatirialeId]


@Id int 
as

begin
	BEGIN TRY
	 select * from Matiriale where Id=@Id
 end TRY

 begin Catch
 IF @@TRANCOUNT > 0
					BEGIN
						ROLLBACK TRANSACTION ; -- rollback to MySavePoint
						return 0;
					END

 End Catch

 
end
GO
/****** Object:  StoredProcedure [dbo].[SP_SelectNewsById]    Script Date: 10/10/2018 06:45:35 م ******/
SET ANSI_NULLS ON
GO
SET QUOTED_IDENTIFIER ON
GO
Create Proc [dbo].[SP_SelectNewsById]


@Id int 
as

begin
	BEGIN TRY
	 select * from News where Id=@Id
 end TRY

 begin Catch
 IF @@TRANCOUNT > 0
					BEGIN
						ROLLBACK TRANSACTION ; -- rollback to MySavePoint
						return 0;
					END

 End Catch

 
end
GO
/****** Object:  StoredProcedure [dbo].[SP_SelectPhotoGalleryById]    Script Date: 10/10/2018 06:45:35 م ******/
SET ANSI_NULLS ON
GO
SET QUOTED_IDENTIFIER ON
GO
Create Proc [dbo].[SP_SelectPhotoGalleryById]


@Id int 
as

begin
	BEGIN TRY
	 select * from PhotoGallery where Id=@Id
 end TRY

 begin Catch
 IF @@TRANCOUNT > 0
					BEGIN
						ROLLBACK TRANSACTION ; -- rollback to MySavePoint
						return 0;
					END

 End Catch

 
end
GO
/****** Object:  StoredProcedure [dbo].[SP_SelectRepresentationsId]    Script Date: 10/10/2018 06:45:35 م ******/
SET ANSI_NULLS ON
GO
SET QUOTED_IDENTIFIER ON
GO
Create Proc [dbo].[SP_SelectRepresentationsId]


@Id int 
as
Declare @OldId int
begin
	BEGIN TRY
	 select * from Representations where Id=@Id
 end TRY

 begin Catch
 IF @@TRANCOUNT > 0
					BEGIN
						ROLLBACK TRANSACTION MySavePoint; -- rollback to MySavePoint
						return 0;
					END

 End Catch

 
end
GO
/****** Object:  StoredProcedure [dbo].[SP_SelectSecondBranchRegisterId]    Script Date: 10/10/2018 06:45:35 م ******/
SET ANSI_NULLS ON
GO
SET QUOTED_IDENTIFIER ON
GO
Create Proc [dbo].[SP_SelectSecondBranchRegisterId]


@Id int 
as

begin
	BEGIN TRY
	 select * from SecondBranchRegister where Id=@Id
 end TRY

 begin Catch
 IF @@TRANCOUNT > 0
					BEGIN
						ROLLBACK TRANSACTION ; -- rollback to MySavePoint
						return 0;
					END

 End Catch

 
end
GO
/****** Object:  StoredProcedure [dbo].[SP_SelectSysteamPrizeId]    Script Date: 10/10/2018 06:45:35 م ******/
SET ANSI_NULLS ON
GO
SET QUOTED_IDENTIFIER ON
GO
CREATE Proc [dbo].[SP_SelectSysteamPrizeId]


@Id int 
as

begin
	BEGIN TRY
	 select * from SysteamPrize where Id=@Id
 end TRY

 begin Catch
 IF @@TRANCOUNT > 0
					BEGIN
						ROLLBACK TRANSACTION ; -- rollback to MySavePoint
						return 0;
					END

 End Catch

 
end
GO
/****** Object:  StoredProcedure [dbo].[SP_SelectThirdBranchRegisterId]    Script Date: 10/10/2018 06:45:35 م ******/
SET ANSI_NULLS ON
GO
SET QUOTED_IDENTIFIER ON
GO
Create Proc [dbo].[SP_SelectThirdBranchRegisterId]


@Id int 
as

begin
	BEGIN TRY
	 select * from ThirdBranchRegister where Id=@Id
 end TRY

 begin Catch
 IF @@TRANCOUNT > 0
					BEGIN
						ROLLBACK TRANSACTION ; -- rollback to MySavePoint
						return 0;
					END

 End Catch

 
end
GO
/****** Object:  StoredProcedure [dbo].[SP_SelectVisualiztionsById]    Script Date: 10/10/2018 06:45:35 م ******/
SET ANSI_NULLS ON
GO
SET QUOTED_IDENTIFIER ON
GO
Create Proc [dbo].[SP_SelectVisualiztionsById]


@Id int 
as

begin
	BEGIN TRY
	 select * from Visualiztions where Id=@Id
 end TRY

 begin Catch
 IF @@TRANCOUNT > 0
					BEGIN
						ROLLBACK TRANSACTION ; -- rollback to MySavePoint
						return 0;
					END

 End Catch

 
end
GO
/****** Object:  StoredProcedure [dbo].[SP_SelectWordsSupevisorId]    Script Date: 10/10/2018 06:45:35 م ******/
SET ANSI_NULLS ON
GO
SET QUOTED_IDENTIFIER ON
GO
Create Proc [dbo].[SP_SelectWordsSupevisorId]


@Id int 
as
Declare @OldId int
begin
	BEGIN TRY
	 select * from Words where Id=@Id
 end TRY

 begin Catch
 IF @@TRANCOUNT > 0
					BEGIN
						ROLLBACK TRANSACTION MySavePoint; -- rollback to MySavePoint
						return 0;
					END

 End Catch

 
end
GO
/****** Object:  StoredProcedure [dbo].[SpEducationBodyDrop]    Script Date: 10/10/2018 06:45:35 م ******/
SET ANSI_NULLS ON
GO
SET QUOTED_IDENTIFIER ON
GO

CREATE proc [dbo].[SpEducationBodyDrop]
@BranchId int 
as

select  
pc.Id,
pc.Name


from  [dbo].[EducationBody] pc   where pc.BranchId=@BranchId

GO
/****** Object:  StoredProcedure [dbo].[SpNationalityDrop]    Script Date: 10/10/2018 06:45:35 م ******/
SET ANSI_NULLS ON
GO
SET QUOTED_IDENTIFIER ON
GO

Create proc [dbo].[SpNationalityDrop]

as

select  
pc.Id,
pc.Name


from  [dbo].[Nationality] pc


GO
/****** Object:  StoredProcedure [dbo].[SpStageDrop]    Script Date: 10/10/2018 06:45:35 م ******/
SET ANSI_NULLS ON
GO
SET QUOTED_IDENTIFIER ON
GO

Create proc [dbo].[SpStageDrop]

as

select  
pc.Id,
pc.Name


from  [dbo].[Satage] pc  

GO
/****** Object:  StoredProcedure [dbo].[SpTrackDrop]    Script Date: 10/10/2018 06:45:35 م ******/
SET ANSI_NULLS ON
GO
SET QUOTED_IDENTIFIER ON
GO

Create proc [dbo].[SpTrackDrop]

as

select  
pc.Id,
pc.Name


from  [dbo].[Tracks] pc   

GO
USE [master]
GO
ALTER DATABASE [IslamicAcademy] SET  READ_WRITE 
GO
